國高中,性別,父親教育程度,母親教育程度,誠實／謙遜,情緒性,外向性,和悅性,嚴謹性,開放性,攻擊行為,焦慮／憂鬱,違反規定,社會退縮
高中,男,國中,國中,48,54,44,50,43,44,13,11,7,9
高中,女,高中,國中,60,43,39,55,59,57,2,2,1,4
高中,男,國中,高中,53,50,48,47,52,44,1,0,0,0
高中,男,高中,高中,48,52,46,50,46,49,12,9,9,5
高中,NA,NA,NA,56,60,52,49,53,44,4,2,1,3
高中,女,小學或不識字,高中,61,65,39,47,49,43,NA,6,2,7
高中,女,高中,高中,53,45,51,51,48,45,21,14,12,12
高中,女,高中,高中,66,68,60,48,51,51,1,6,0,2
高中,男,小學或不識字,小學或不識字,55,52,38,55,43,38,4,5,1,4
高中,男,大學或專科,高中,58,44,55,54,43,50,2,1,3,2
高中,女,研究所以上,大學或專科,51,57,54,51,50,50,8,6,4,5
高中,男,高中,國中,58,53,53,52,54,56,5,5,2,NA
高中,女,高中,高中,53,46,48,49,43,59,16,NA,4,9
高中,女,大學或專科,高中,58,62,67,61,53,52,4,4,3,0
高中,女,國中,高中,59,76,58,38,41,61,14,9,3,4
高中,男,高中,國中,49,55,51,52,41,56,6,10,4,6
高中,男,大學或專科,國中,52,56,60,61,54,50,4,2,0,3
高中,女,高中,高中,59,34,49,48,56,57,8,3,4,6
高中,女,國中,國中,69,51,48,62,38,54,10,4,1,8
高中,男,國中,高中,46,54,53,44,56,55,17,13,10,6
高中,女,大學或專科,大學或專科,50,40,53,40,50,47,19,10,16,NA
高中,女,高中,國中,55,61,54,50,43,49,11,13,5,5
高中,男,高中,高中,56,44,58,50,49,44,4,1,1,1
高中,女,國中,高中,63,62,54,54,57,48,2,4,0,1
高中,女,高中,高中,59,64,47,53,48,46,6,4,0,6
高中,男,小學或不識字,小學或不識字,62,42,64,64,36,51,8,0,4,0
高中,女,國中,小學或不識字,55,52,47,48,55,44,16,12,1,8
高中,女,國中,國中,52,55,50,42,51,55,12,9,5,5
高中,男,高中,高中,66,54,51,51,52,48,0,0,1,1
高中,女,高中,小學或不識字,59,73,43,43,47,51,14,16,6,5
高中,女,高中,高中,55,56,69,45,NA,50,7,4,2,0
高中,女,國中,小學或不識字,43,52,28,56,42,52,8,22,8,12
高中,女,國中,國中,55,58,42,58,53,50,6,10,3,10
高中,女,國中,國中,46,55,53,51,47,48,17,9,13,6
高中,女,大學或專科,高中,56,46,56,47,48,48,1,0,1,1
高中,女,高中,高中,51,53,29,44,52,59,2,9,1,8
高中,NA,NA,NA,42,43,51,53,53,45,NA,11,17,7
高中,女,大學或專科,國中,51,49,50,47,49,47,0,1,0,1
高中,女,國中,高中,50,49,50,48,48,46,5,2,2,1
高中,女,大學或專科,大學或專科,54,46,42,55,51,46,7,7,NA,NA
高中,女,小學或不識字,國中,45,51,51,45,41,47,9,2,3,3
高中,女,高中,高中,62,58,59,53,56,61,11,7,4,6
高中,男,高中,高中,61,59,49,37,41,42,13,8,4,3
高中,女,大學或專科,高中,53,61,NA,41,41,50,9,11,3,3
高中,女,高中,高中,53,59,52,54,57,57,5,5,3,3
高中,男,大學或專科,大學或專科,58,41,55,59,54,59,7,6,2,5
高中,男,國中,國中,49,47,46,46,48,47,13,13,6,6
高中,女,國中,國中,69,62,61,55,62,53,3,0,0,2
高中,女,國中,大學或專科,55,75,73,48,45,40,12,12,3,3
高中,女,大學或專科,NA,60,53,27,45,43,49,14,14,7,10
高中,女,國中,高中,52,56,52,51,45,47,3,3,0,3
高中,女,高中,高中,60,51,54,53,39,54,7,1,4,2
高中,男,NA,NA,58,55,49,49,48,46,4,4,1,4
高中,女,國中,高中,55,48,56,51,55,52,6,6,4,1
高中,男,國中,高中,49,58,46,50,44,51,16,10,11,6
高中,女,大學或專科,大學或專科,65,54,63,53,49,54,1,0,0,0
高中,男,小學或不識字,國中,42,56,62,47,36,49,14,5,1,0
高中,男,小學或不識字,小學或不識字,49,49,47,45,47,48,13,8,5,4
高中,女,高中,高中,63,60,58,49,60,49,5,3,0,3
高中,男,高中,高中,55,58,54,58,60,54,2,3,1,3
高中,男,高中,小學或不識字,63,54,52,61,52,50,4,4,3,7
高中,女,高中,高中,48,62,51,43,45,48,20,16,12,8
高中,女,大學或專科,高中,49,67,32,43,46,55,4,14,5,8
高中,女,高中,高中,58,54,76,57,34,47,5,0,0,0
高中,女,高中,高中,56,60,51,37,48,53,13,10,2,7
高中,女,高中,高中,58,58,50,55,53,55,7,13,2,4
高中,男,國中,小學或不識字,49,46,55,51,62,56,1,2,0,3
高中,女,大學或專科,大學或專科,61,48,59,48,44,44,3,3,3,5
高中,女,國中,小學或不識字,62,43,64,39,47,59,8,3,3,4
高中,女,高中,高中,57,72,45,41,53,42,9,9,1,3
高中,男,大學或專科,研究所以上,49,47,53,54,54,54,11,11,6,6
高中,女,大學或專科,國中,52,55,45,42,47,44,NA,4,2,2
高中,女,NA,NA,53,74,45,49,52,58,19,18,5,7
高中,女,高中,高中,55,60,49,48,42,43,17,9,NA,5
高中,女,小學或不識字,國中,53,49,48,47,47,52,6,3,1,2
高中,女,大學或專科,高中,40,38,50,45,50,50,18,10,NA,NA
高中,男,高中,高中,54,50,53,51,NA,48,6,4,2,4
高中,女,高中,高中,35,65,58,44,42,44,15,8,7,3
高中,女,高中,高中,49,62,58,41,44,45,14,13,1,3
高中,女,高中,國中,60,66,50,51,49,43,4,2,2,2
高中,女,高中,高中,56,66,53,51,40,37,12,12,8,12
高中,女,高中,高中,55,72,51,46,55,47,10,6,1,8
高中,女,高中,高中,51,56,46,51,52,46,5,8,1,2
高中,女,高中,高中,44,66,56,42,41,46,18,16,11,6
高中,女,高中,高中,56,56,47,56,43,46,5,3,2,7
高中,女,高中,國中,63,69,59,42,48,45,4,3,2,2
高中,女,高中,高中,61,56,49,56,44,44,3,2,2,4
高中,女,NA,大學或專科,59,65,55,43,48,48,2,0,0,1
高中,女,高中,高中,55,60,54,59,51,52,7,7,1,3
高中,女,研究所以上,高中,58,42,32,53,60,67,13,11,8,11
高中,女,小學或不識字,小學或不識字,58,54,27,29,38,43,10,10,5,11
高中,女,NA,NA,52,64,56,56,44,53,10,5,0,5
高中,女,高中,高中,60,72,37,43,41,36,14,9,3,9
高中,女,高中,高中,61,52,58,54,49,62,2,2,3,2
高中,女,高中,大學或專科,65,42,57,58,39,57,2,5,3,0
高中,女,高中,高中,61,60,53,41,55,52,9,3,3,8
高中,女,國中,國中,55,65,58,45,47,51,9,3,3,1
高中,女,高中,高中,59,58,59,54,55,51,3,1,0,2
高中,女,高中,國中,65,63,50,58,47,56,8,4,5,6
高中,女,高中,高中,49,67,55,51,51,52,2,9,0,6
高中,女,高中,高中,47,69,50,49,49,41,10,14,3,7
高中,女,高中,高中,38,66,41,26,42,52,14,18,7,8
高中,女,高中,高中,69,67,44,54,41,53,3,7,4,4
高中,女,國中,高中,62,52,63,50,44,43,7,2,3,1
高中,女,高中,大學或專科,58,60,47,48,45,44,6,9,4,4
高中,女,國中,國中,45,45,41,36,48,52,12,5,9,8
高中,女,高中,國中,65,62,57,49,43,47,17,8,6,5
高中,女,國中,國中,55,48,56,45,56,55,6,7,2,3
高中,女,大學或專科,大學或專科,54,66,58,60,49,47,7,10,1,5
高中,女,高中,國中,50,58,51,48,41,36,5,3,2,0
高中,女,大學或專科,大學或專科,66,71,59,39,55,43,12,13,5,4
高中,女,小學或不識字,高中,56,45,47,53,52,50,7,6,1,6
高中,女,國中,高中,51,59,39,44,47,48,7,8,4,6
高中,女,國中,高中,39,47,55,40,47,62,10,6,7,5
高中,男,大學或專科,大學或專科,42,61,50,46,49,53,17,10,8,5
高中,女,大學或專科,高中,45,51,43,43,44,46,8,6,3,5
高中,女,國中,國中,55,55,55,47,51,58,15,14,4,5
高中,男,高中,高中,58,51,53,47,54,53,6,4,5,2
高中,女,國中,高中,68,71,36,53,56,49,6,13,2,10
高中,女,國中,高中,59,53,66,60,49,61,9,2,3,3
高中,男,高中,高中,44,45,61,47,60,58,3,2,2,3
高中,男,高中,高中,57,43,50,52,36,32,2,2,2,3
高中,男,國中,國中,57,48,64,53,60,54,2,2,0,1
高中,女,高中,高中,67,61,54,46,54,58,8,10,6,7
高中,女,NA,NA,64,55,45,55,53,50,4,5,1,5
高中,男,高中,高中,54,54,59,54,49,50,6,6,4,3
高中,女,小學或不識字,國中,57,59,40,42,44,43,14,12,5,6
高中,男,高中,高中,65,45,69,69,67,64,2,3,0,2
高中,男,高中,國中,58,53,59,55,63,57,10,4,3,4
高中,女,國中,國中,63,68,47,53,56,48,10,10,1,8
高中,男,國中,國中,58,63,61,48,55,65,10,8,3,6
高中,男,高中,高中,63,51,44,31,43,42,16,11,8,5
高中,女,國中,高中,55,74,62,58,39,55,6,2,2,0
高中,女,高中,國中,65,61,60,55,64,50,5,0,0,1
高中,男,小學或不識字,小學或不識字,45,69,49,39,45,50,16,19,4,5
高中,女,小學或不識字,小學或不識字,57,46,55,44,51,58,6,9,1,6
高中,女,大學或專科,國中,54,56,55,56,40,43,12,9,8,6
高中,女,高中,高中,66,47,57,55,50,46,3,2,0,2
高中,女,高中,高中,54,62,55,50,46,41,10,8,1,4
高中,女,國中,小學或不識字,66,60,48,47,49,35,9,NA,1,8
高中,女,高中,高中,54,55,50,44,51,64,13,12,5,7
高中,男,高中,高中,59,59,34,52,64,53,5,11,1,7
高中,女,小學或不識字,高中,47,45,58,62,51,49,7,2,3,1
高中,女,國中,國中,66,59,58,69,60,72,1,1,0,3
高中,女,高中,高中,56,58,64,48,52,60,3,1,1,0
高中,女,高中,小學或不識字,60,50,66,53,44,52,12,3,4,2
高中,女,高中,國中,61,64,55,48,50,58,11,4,1,3
高中,男,國中,小學或不識字,65,57,59,44,42,60,25,9,13,11
高中,女,國中,高中,55,51,55,59,53,47,6,1,2,3
高中,女,國中,國中,58,55,42,48,55,60,10,4,2,10
高中,女,國中,國中,50,64,50,48,49,50,10,10,3,5
高中,女,大學或專科,高中,52,65,46,42,50,41,14,8,8,6
高中,女,國中,國中,63,54,54,48,57,69,9,5,3,2
高中,女,大學或專科,高中,60,60,61,66,55,67,9,8,1,2
高中,NA,高中,高中,67,52,57,48,39,48,6,8,5,4
高中,女,高中,高中,56,57,55,51,45,48,7,3,4,1
高中,女,高中,高中,68,53,45,48,53,59,9,5,2,7
高中,男,高中,大學或專科,61,54,36,48,52,57,10,11,8,9
高中,男,高中,高中,55,46,48,40,48,57,15,8,8,7
高中,女,大學或專科,高中,64,55,71,60,60,63,5,3,1,4
高中,女,高中,高中,62,73,56,56,47,58,7,8,1,5
高中,女,高中,高中,61,57,52,58,42,52,8,5,0,4
高中,女,高中,高中,54,63,37,46,44,45,16,15,11,7
高中,女,高中,國中,63,61,53,48,59,66,9,7,2,7
高中,女,大學或專科,大學或專科,54,70,63,48,54,63,10,4,3,1
高中,女,高中,高中,57,66,48,45,43,44,10,13,2,3
高中,女,小學或不識字,小學或不識字,44,59,51,43,49,46,18,13,4,7
高中,女,高中,高中,49,67,63,44,46,54,13,8,6,3
高中,女,高中,國中,70,65,46,52,53,51,8,12,2,8
高中,男,高中,大學或專科,52,63,44,45,46,54,18,7,10,4
高中,男,國中,高中,53,46,49,48,45,43,17,5,11,7
高中,女,國中,小學或不識字,58,68,51,53,57,68,11,9,2,5
高中,男,大學或專科,大學或專科,50,66,53,65,62,60,12,15,7,9
高中,男,小學或不識字,小學或不識字,45,47,49,50,43,40,10,2,5,2
高中,男,高中,高中,67,60,58,62,50,58,7,1,2,1
高中,女,小學或不識字,小學或不識字,61,56,46,52,50,50,8,12,2,8
高中,男,國中,高中,51,54,57,44,52,45,17,8,10,8
高中,男,高中,國中,57,62,52,48,48,52,3,5,1,4
高中,女,大學或專科,高中,57,64,50,56,46,61,13,12,8,6
高中,男,大學或專科,大學或專科,49,65,54,55,54,49,14,9,6,6
高中,女,大學或專科,高中,59,64,55,45,35,44,8,4,4,0
高中,男,國中,高中,70,50,37,40,42,55,8,17,7,4
高中,女,大學或專科,大學或專科,67,61,57,43,59,60,12,7,1,4
高中,男,大學或專科,大學或專科,44,54,62,53,51,65,17,12,7,5
高中,女,國中,高中,55,58,43,50,39,41,4,12,3,7
高中,女,高中,高中,63,65,47,51,49,56,2,3,3,0
高中,男,NA,NA,59,57,69,62,61,49,9,7,1,6
高中,女,高中,高中,53,57,40,43,37,54,18,12,7,9
高中,女,大學或專科,高中,58,61,44,37,56,50,18,18,5,9
高中,男,國中,國中,53,45,42,48,42,43,9,6,3,5
高中,女,高中,高中,57,66,72,51,47,37,15,4,4,3
高中,男,NA,NA,67,43,50,59,46,55,4,9,1,7
高中,男,高中,高中,45,51,50,44,44,53,9,3,7,2
高中,女,高中,高中,47,70,54,58,47,59,12,13,1,8
高中,女,國中,國中,49,72,37,44,40,39,7,17,2,8
高中,女,國中,高中,60,59,54,46,39,48,15,7,6,7
高中,男,國中,高中,50,62,55,60,46,44,3,8,2,1
高中,男,高中,高中,63,62,64,58,47,51,6,8,5,4
高中,女,大學或專科,大學或專科,51,49,59,51,54,46,1,0,0,NA
高中,女,高中,高中,57,42,53,48,48,44,5,3,2,4
高中,男,高中,國中,47,45,54,49,50,48,18,11,11,7
高中,女,國中,高中,54,51,50,47,52,52,13,7,2,3
高中,女,高中,高中,49,54,48,43,43,54,7,9,8,4
高中,男,大學或專科,高中,45,52,46,48,39,55,27,16,17,11
高中,男,高中,高中,57,51,53,43,48,58,5,3,1,1
高中,女,高中,高中,54,66,58,58,60,58,8,9,3,1
高中,女,國中,小學或不識字,48,47,58,49,56,40,3,1,2,1
高中,女,高中,高中,52,57,59,49,44,50,9,2,3,2
高中,女,大學或專科,大學或專科,43,58,56,53,34,54,6,7,6,6
高中,男,高中,高中,59,45,39,42,46,45,16,16,5,12
高中,女,國中,高中,64,45,51,53,52,55,6,1,1,5
高中,男,國中,高中,50,54,61,43,51,51,8,3,2,2
高中,女,國中,國中,43,62,35,38,44,54,9,17,5,9
高中,女,高中,高中,42,49,51,49,51,51,7,2,4,5
高中,女,高中,高中,57,46,49,50,51,45,4,2,1,3
高中,女,高中,國中,62,57,41,66,56,52,3,6,0,4
高中,女,高中,高中,73,50,55,51,52,43,1,0,0,1
高中,女,大學或專科,高中,57,53,54,48,54,58,2,0,0,0
高中,女,國中,高中,54,49,44,54,49,55,4,4,1,7
高中,男,國中,國中,58,62,54,45,45,45,10,3,4,4
高中,女,大學或專科,高中,45,50,54,42,45,47,0,1,1,0
高中,女,高中,大學或專科,46,63,53,33,49,51,14,7,5,3
高中,男,大學或專科,高中,55,54,48,50,53,50,9,11,6,7
高中,男,NA,NA,48,58,56,37,56,54,10,8,3,3
高中,女,大學或專科,大學或專科,52,60,57,41,42,47,9,4,4,3
高中,女,高中,高中,57,57,52,54,52,46,3,3,2,1
高中,女,高中,國中,61,53,66,47,51,65,9,6,4,3
高中,男,國中,高中,54,45,59,58,51,48,3,1,1,2
高中,女,大學或專科,國中,53,66,47,45,50,65,5,5,0,4
高中,女,高中,大學或專科,59,61,46,46,48,63,7,10,1,6
高中,女,大學或專科,大學或專科,58,59,65,45,52,54,0,0,0,1
高中,女,國中,國中,58,62,54,52,38,56,NA,0,0,1
高中,男,國中,國中,46,56,51,50,48,50,7,2,2,0
高中,男,高中,高中,73,61,44,65,52,48,7,6,4,7
高中,男,高中,高中,54,58,61,60,50,64,3,3,0,0
高中,男,高中,高中,52,46,52,48,51,49,8,2,1,4
高中,女,高中,高中,62,57,44,49,47,56,4,12,0,8
高中,女,高中,高中,67,69,40,43,48,59,5,8,1,7
高中,女,高中,大學或專科,65,72,60,54,47,50,7,3,2,3
高中,女,NA,高中,67,70,52,50,42,53,12,10,3,3
高中,女,高中,高中,56,57,47,47,41,49,8,NA,2,5
高中,女,高中,高中,49,62,33,42,43,47,12,16,13,9
高中,女,大學或專科,大學或專科,66,66,61,59,66,50,5,6,1,1
高中,女,大學或專科,高中,54,58,54,45,50,53,6,9,1,3
高中,女,NA,NA,54,62,56,42,58,53,8,4,2,3
高中,女,大學或專科,高中,64,57,46,46,35,47,11,7,2,3
高中,女,高中,高中,58,67,55,63,58,61,3,9,2,6
高中,女,國中,國中,65,63,45,58,58,45,3,9,1,4
高中,男,高中,高中,53,50,55,55,53,41,13,6,7,2
高中,女,大學或專科,大學或專科,66,61,55,57,56,52,NA,9,NA,7
高中,女,高中,高中,62,63,51,40,42,45,14,11,7,6
高中,女,高中,國中,62,59,53,56,61,47,3,10,4,3
高中,女,高中,國中,61,52,44,58,41,45,5,10,2,8
高中,女,國中,國中,62,66,54,59,48,31,9,11,2,6
高中,男,大學或專科,大學或專科,49,55,61,55,61,61,8,6,3,2
高中,女,高中,高中,62,45,46,35,50,48,19,5,9,9
高中,女,高中,高中,57,58,63,47,50,51,9,7,4,7
高中,女,高中,國中,71,62,58,53,61,60,4,9,7,2
高中,男,高中,國中,60,62,53,49,36,38,9,3,5,2
高中,女,高中,大學或專科,51,62,65,54,55,48,10,10,4,5
高中,女,高中,高中,60,67,56,46,50,50,10,4,4,6
高中,女,NA,NA,45,59,55,51,41,48,12,11,6,4
高中,女,高中,大學或專科,58,62,45,49,49,47,5,4,1,3
高中,女,國中,國中,45,56,55,54,50,58,3,4,1,3
高中,女,高中,高中,53,61,53,53,42,42,5,7,3,3
高中,女,國中,國中,71,56,55,49,49,49,2,5,3,4
高中,男,高中,高中,62,49,66,55,43,50,9,5,8,4
高中,女,高中,高中,65,62,55,42,54,59,12,9,4,5
高中,女,高中,高中,47,62,60,40,62,63,15,7,4,4
高中,女,國中,國中,62,53,35,51,48,31,3,6,0,9
高中,女,國中,高中,61,71,64,51,52,55,8,7,1,4
高中,女,高中,高中,62,51,64,59,50,58,9,7,4,4
高中,女,高中,高中,59,57,45,48,53,49,4,6,2,6
高中,男,大學或專科,高中,55,59,59,43,43,52,18,7,7,2
高中,女,高中,高中,59,64,43,48,55,41,7,14,2,6
高中,女,大學或專科,大學或專科,53,52,56,33,46,65,12,7,4,9
高中,女,高中,高中,61,61,55,43,47,56,10,8,1,1
高中,女,研究所以上,研究所以上,63,55,50,57,49,44,5,11,3,7
高中,女,國中,高中,55,NA,55,39,53,32,7,9,5,4
高中,男,大學或專科,大學或專科,55,57,43,41,47,49,13,9,5,4
高中,男,國中,國中,67,64,39,49,49,57,8,12,3,7
高中,女,大學或專科,大學或專科,53,53,40,54,45,49,4,1,2,4
高中,女,高中,高中,56,62,56,49,63,61,2,4,3,3
高中,女,國中,小學或不識字,61,56,48,50,54,61,10,12,NA,6
高中,女,高中,國中,73,65,43,39,45,45,11,7,4,6
高中,男,小學或不識字,大學或專科,59,61,55,51,46,48,13,8,7,2
高中,男,高中,高中,58,65,44,53,59,52,9,16,2,8
高中,男,國中,國中,66,49,52,54,47,36,2,1,2,2
高中,女,大學或專科,大學或專科,45,50,52,48,52,56,17,14,8,4
高中,女,國中,國中,59,65,51,50,53,58,5,5,2,3
高中,男,高中,大學或專科,55,60,38,42,55,55,10,10,5,6
高中,女,大學或專科,研究所以上,59,57,55,47,54,48,6,3,6,3
高中,女,大學或專科,大學或專科,56,61,51,49,48,46,10,10,2,6
高中,女,大學或專科,大學或專科,57,63,48,50,53,43,3,7,1,4
高中,女,國中,國中,62,67,51,56,46,47,8,11,4,6
高中,女,高中,高中,51,66,48,46,46,43,8,4,3,5
高中,女,高中,高中,50,62,43,40,48,49,14,10,10,8
高中,女,國中,高中,66,59,45,47,52,55,17,16,3,5
高中,男,大學或專科,大學或專科,45,55,51,43,50,55,14,6,7,5
高中,女,高中,高中,52,53,47,43,41,49,NA,7,4,6
高中,女,高中,大學或專科,53,63,61,40,48,42,9,4,5,4
高中,女,大學或專科,高中,69,68,58,61,66,67,3,3,0,2
高中,女,高中,高中,51,72,55,37,44,55,10,12,1,6
高中,女,高中,國中,60,61,56,41,42,56,9,0,1,1
高中,女,高中,高中,56,68,47,51,58,41,5,6,1,3
高中,女,高中,高中,59,62,48,56,65,56,2,6,2,6
高中,男,高中,大學或專科,44,49,53,43,50,45,3,2,7,1
高中,女,高中,高中,57,69,53,36,42,43,NA,7,2,2
高中,男,高中,高中,56,50,65,52,51,52,2,3,3,3
高中,女,大學或專科,大學或專科,63,52,63,58,53,56,5,3,1,4
高中,女,大學或專科,高中,60,62,57,42,52,43,8,3,2,7
高中,女,高中,國中,78,71,43,44,55,64,4,5,0,4
高中,女,高中,大學或專科,69,56,49,53,39,39,9,7,10,3
高中,女,大學或專科,高中,59,68,36,49,59,54,8,13,5,11
高中,女,NA,高中,54,56,57,50,56,55,6,8,2,5
高中,女,大學或專科,大學或專科,48,44,39,36,43,61,16,10,5,11
高中,女,高中,高中,55,63,46,55,54,55,11,NA,6,9
高中,女,高中,高中,63,50,48,38,50,54,12,10,3,6
高中,女,國中,高中,58,60,63,43,31,37,13,10,5,5
高中,女,大學或專科,大學或專科,49,55,54,36,40,45,26,6,8,4
高中,女,大學或專科,大學或專科,68,53,64,60,58,52,0,0,1,3
高中,男,國中,高中,55,49,32,40,58,33,NA,5,7,8
高中,男,高中,高中,60,47,52,51,39,53,8,6,1,6
高中,女,高中,高中,62,56,66,55,53,57,5,4,0,4
高中,女,高中,高中,58,62,53,60,50,53,8,9,2,4
高中,女,高中,高中,63,55,57,52,47,41,8,5,1,2
高中,男,大學或專科,高中,59,40,65,43,55,75,12,5,NA,6
高中,男,大學或專科,大學或專科,51,53,50,50,55,47,6,2,5,4
高中,男,高中,高中,56,49,39,51,46,35,5,0,1,5
高中,男,大學或專科,高中,47,55,57,67,46,61,6,3,1,2
高中,男,大學或專科,高中,43,36,49,52,56,41,8,6,7,4
高中,男,大學或專科,高中,44,53,50,40,46,46,19,11,15,12
高中,男,小學或不識字,國中,55,66,60,44,55,55,14,9,6,3
高中,男,大學或專科,大學或專科,58,64,50,45,48,50,11,7,2,4
高中,男,研究所以上,大學或專科,54,65,55,65,52,63,5,7,0,6
高中,男,高中,高中,51,56,44,46,38,44,11,10,4,5
高中,男,高中,大學或專科,63,43,42,36,53,69,24,8,6,5
高中,男,國中,高中,46,48,41,49,59,63,10,7,6,9
高中,男,高中,高中,56,59,41,53,43,38,2,9,2,7
高中,男,國中,國中,67,49,57,59,41,49,7,3,4,3
高中,男,國中,小學或不識字,64,60,48,47,38,37,4,4,2,3
高中,男,高中,高中,31,46,60,50,47,33,7,4,5,6
高中,男,大學或專科,大學或專科,50,52,42,46,42,38,8,7,5,8
高中,男,高中,高中,52,62,61,44,54,49,6,4,5,3
高中,男,國中,國中,65,46,56,60,53,41,4,2,4,3
高中,男,小學或不識字,高中,57,52,32,34,72,54,14,12,5,10
高中,男,大學或專科,大學或專科,46,52,54,53,49,51,5,7,4,5
高中,男,大學或專科,大學或專科,62,50,75,68,56,67,9,3,1,3
高中,男,大學或專科,大學或專科,41,52,57,38,51,53,7,3,5,2
高中,男,高中,高中,60,58,45,43,49,30,14,14,4,6
高中,男,NA,高中,64,47,55,48,48,44,3,3,4,4
高中,男,大學或專科,大學或專科,59,53,46,51,52,62,5,2,4,1
高中,男,國中,高中,52,56,56,42,47,53,12,3,4,3
高中,女,大學或專科,大學或專科,64,46,52,58,52,65,10,3,6,5
高中,男,大學或專科,高中,51,51,52,50,50,42,2,0,0,2
高中,男,高中,國中,50,51,53,41,40,45,6,1,3,3
高中,男,研究所以上,大學或專科,57,53,61,51,51,51,6,4,4,3
高中,男,大學或專科,大學或專科,53,51,58,53,58,51,16,6,6,3
高中,男,大學或專科,大學或專科,40,50,49,50,48,27,14,8,6,10
高中,男,高中,高中,74,53,55,49,43,48,14,6,3,6
高中,男,NA,NA,43,47,53,46,46,47,19,13,13,6
高中,男,高中,大學或專科,39,64,63,40,47,53,13,5,5,3
高中,男,研究所以上,大學或專科,32,62,62,55,43,54,11,15,6,6
高中,男,高中,高中,50,45,51,43,42,34,20,3,7,3
高中,男,大學或專科,大學或專科,47,46,49,49,50,42,9,4,6,5
高中,男,大學或專科,高中,52,57,45,64,49,53,6,8,6,7
高中,男,大學或專科,國中,49,44,47,49,48,47,5,1,4,2
高中,男,大學或專科,高中,46,56,48,47,51,50,9,5,2,3
高中,男,高中,高中,65,59,58,47,63,66,6,3,NA,1
高中,男,高中,大學或專科,66,46,55,48,47,46,14,5,7,4
高中,男,研究所以上,大學或專科,40,40,69,45,34,54,16,3,6,1
高中,男,高中,高中,42,56,59,58,48,62,11,2,5,0
高中,男,大學或專科,大學或專科,41,46,52,40,40,49,15,3,5,7
高中,男,高中,高中,61,34,59,43,51,44,9,5,2,6
高中,男,大學或專科,大學或專科,50,59,50,49,58,53,9,7,3,5
高中,男,高中,高中,51,54,44,41,47,57,NA,0,2,2
高中,男,高中,高中,46,55,53,54,43,56,9,4,7,4
高中,男,大學或專科,大學或專科,36,53,58,44,38,40,12,1,6,2
高中,男,高中,高中,75,53,41,61,48,51,2,7,1,4
高中,男,國中,小學或不識字,52,63,43,45,40,35,11,4,5,4
高中,男,大學或專科,高中,52,50,63,61,35,40,8,4,4,1
高中,男,高中,國中,59,51,51,40,52,42,5,1,2,4
高中,男,大學或專科,高中,56,63,43,42,41,57,9,11,3,8
高中,男,大學或專科,高中,71,53,46,61,52,55,1,1,0,7
高中,男,大學或專科,大學或專科,61,39,54,51,48,42,2,1,8,4
高中,男,大學或專科,大學或專科,64,47,55,59,52,59,1,3,1,4
高中,男,大學或專科,研究所以上,57,43,53,48,55,48,7,1,3,2
高中,男,研究所以上,大學或專科,56,47,47,64,60,56,8,12,3,7
高中,男,大學或專科,大學或專科,44,51,51,44,40,48,8,9,4,5
高中,男,高中,高中,51,54,62,58,52,37,5,5,1,0
高中,男,大學或專科,高中,62,63,44,42,49,40,12,7,4,7
高中,男,高中,高中,65,60,59,52,41,43,6,3,3,4
高中,男,研究所以上,大學或專科,49,53,58,58,57,54,3,0,4,4
高中,男,大學或專科,高中,39,53,48,50,52,57,7,4,4,2
高中,男,國中,高中,44,60,45,45,NA,44,13,12,4,7
高中,男,國中,高中,61,59,55,59,51,59,7,4,3,4
高中,男,高中,大學或專科,50,55,51,56,66,51,4,6,1,5
高中,男,高中,高中,29,50,53,35,55,42,17,12,5,6
高中,男,大學或專科,大學或專科,48,42,57,46,51,31,15,6,5,4
高中,男,高中,高中,66,47,51,56,54,46,4,5,1,7
高中,男,大學或專科,大學或專科,61,57,58,50,43,48,7,5,4,2
高中,男,高中,高中,58,55,54,32,44,62,25,NA,11,6
高中,男,大學或專科,高中,58,62,63,60,48,47,12,7,9,2
高中,男,大學或專科,大學或專科,70,58,59,40,63,69,13,6,5,4
高中,男,高中,大學或專科,37,56,70,62,48,56,11,4,9,0
高中,男,高中,高中,47,60,58,53,62,48,6,8,4,4
高中,男,大學或專科,大學或專科,43,55,47,47,54,51,12,8,5,7
高中,男,大學或專科,大學或專科,51,58,65,56,48,50,3,3,4,4
高中,男,大學或專科,大學或專科,43,58,53,53,61,52,8,6,4,5
高中,男,高中,高中,38,71,54,68,58,59,NA,4,5,6
高中,男,大學或專科,大學或專科,39,58,64,40,50,56,17,7,8,4
高中,男,小學或不識字,高中,54,60,59,44,45,53,10,3,7,4
高中,男,高中,大學或專科,62,56,50,56,57,44,10,13,6,7
高中,男,高中,高中,38,50,47,52,48,49,6,4,4,6
高中,男,大學或專科,大學或專科,60,46,40,60,54,48,2,10,1,10
高中,男,高中,小學或不識字,60,55,46,51,50,57,3,4,2,3
高中,男,高中,大學或專科,47,61,43,41,38,51,23,13,7,6
高中,男,國中,國中,73,44,61,54,56,40,8,2,5,4
高中,男,國中,國中,69,41,57,61,67,50,2,3,0,5
高中,男,高中,高中,58,54,56,52,56,54,3,2,2,2
高中,男,高中,高中,55,57,65,51,46,51,8,2,6,1
高中,男,NA,NA,57,53,57,47,51,50,8,4,3,5
高中,男,大學或專科,大學或專科,48,53,60,54,53,44,9,5,3,3
高中,男,高中,小學或不識字,64,59,45,50,51,52,5,5,3,5
高中,男,高中,國中,65,62,68,62,55,54,7,4,2,2
高中,男,高中,大學或專科,58,37,64,65,56,68,1,1,1,3
高中,男,國中,大學或專科,65,58,49,58,56,54,4,4,3,5
高中,男,大學或專科,大學或專科,50,48,54,49,57,55,7,4,6,4
高中,男,大學或專科,大學或專科,46,51,47,43,32,63,18,4,5,5
高中,男,高中,高中,56,59,36,49,36,31,13,15,4,8
高中,男,高中,高中,53,52,53,33,55,54,16,15,5,8
高中,男,大學或專科,大學或專科,50,65,56,44,46,52,12,8,4,6
高中,男,大學或專科,大學或專科,41,63,55,39,56,54,9,9,4,7
高中,男,國中,國中,63,38,36,45,44,46,11,7,4,8
高中,男,大學或專科,大學或專科,63,58,69,66,69,72,4,2,2,4
高中,男,大學或專科,大學或專科,60,59,58,62,51,62,5,5,5,6
高中,男,大學或專科,大學或專科,41,53,66,37,41,54,15,3,8,4
高中,男,大學或專科,大學或專科,46,54,63,40,34,36,10,5,5,1
高中,男,大學或專科,大學或專科,56,54,66,49,39,42,6,2,1,3
高中,男,NA,NA,44,52,50,51,43,51,2,NA,1,2
高中,男,大學或專科,大學或專科,42,43,52,45,49,47,11,11,5,6
高中,男,高中,高中,49,65,57,46,42,42,16,8,9,4
高中,男,高中,小學或不識字,54,43,45,49,47,50,18,15,16,10
高中,男,大學或專科,大學或專科,59,58,46,45,49,46,13,10,3,6
高中,男,小學或不識字,高中,58,55,55,58,59,51,2,2,4,5
高中,男,大學或專科,大學或專科,64,41,53,51,55,51,6,5,6,6
高中,男,大學或專科,高中,57,65,41,41,38,49,6,8,2,5
高中,男,高中,高中,44,58,58,44,49,46,11,7,6,2
高中,男,高中,高中,61,73,60,67,57,65,5,11,2,4
高中,男,高中,大學或專科,33,48,32,58,43,45,14,18,7,12
高中,男,大學或專科,大學或專科,35,56,53,52,65,65,10,21,4,9
高中,男,國中,高中,50,49,44,51,51,47,8,7,4,7
高中,男,大學或專科,大學或專科,56,66,49,61,47,49,7,7,4,7
高中,男,大學或專科,大學或專科,44,51,46,45,59,54,20,9,11,7
高中,男,高中,高中,57,65,54,52,49,47,6,5,3,6
高中,男,大學或專科,大學或專科,65,59,43,47,41,33,6,6,5,6
高中,男,高中,高中,42,54,54,44,43,50,23,19,14,8
高中,男,高中,高中,54,57,59,56,52,46,11,3,4,4
高中,男,國中,大學或專科,65,66,46,60,51,49,5,17,10,7
高中,男,高中,高中,51,61,40,37,33,41,10,9,5,6
高中,男,國中,高中,59,52,57,59,61,53,9,10,4,5
高中,男,大學或專科,大學或專科,50,45,49,44,50,42,16,2,11,3
高中,男,高中,高中,48,46,56,43,53,42,12,2,9,2
高中,男,高中,高中,59,44,57,59,46,33,12,5,8,3
高中,男,高中,國中,63,59,55,54,44,42,5,6,2,6
高中,男,大學或專科,大學或專科,48,45,55,47,47,50,14,4,6,6
高中,男,研究所以上,大學或專科,54,54,52,48,49,42,12,9,6,9
高中,男,高中,高中,55,47,67,51,59,51,6,2,3,0
高中,男,高中,高中,48,30,21,41,26,65,15,15,8,12
高中,男,研究所以上,大學或專科,66,41,46,54,44,35,6,3,2,5
高中,男,高中,高中,54,50,50,50,48,41,0,1,1,4
高中,男,高中,高中,54,55,59,44,45,41,12,3,4,2
高中,男,高中,高中,49,67,62,51,51,44,12,7,5,4
高中,男,大學或專科,大學或專科,57,58,59,50,54,50,9,7,6,3
高中,男,大學或專科,大學或專科,68,48,60,55,56,57,NA,6,2,3
高中,女,NA,NA,67,68,54,48,63,54,5,6,0,4
高中,女,高中,高中,73,63,60,60,NA,65,0,7,2,2
高中,女,大學或專科,大學或專科,56,44,53,50,48,47,5,3,2,3
高中,男,高中,大學或專科,54,53,67,62,46,40,1,1,3,1
高中,男,高中,高中,41,56,59,37,41,44,13,1,8,0
高中,女,高中,大學或專科,68,59,54,60,58,59,9,4,2,4
高中,女,NA,NA,50,60,42,46,49,54,10,15,5,9
高中,女,大學或專科,大學或專科,53,56,47,50,45,56,4,8,3,4
高中,女,高中,國中,65,56,56,56,53,60,2,0,0,1
高中,女,高中,國中,68,53,49,50,45,47,5,2,1,3
高中,女,國中,國中,58,59,44,43,57,45,3,4,2,5
高中,女,NA,高中,52,59,61,49,48,52,7,8,1,2
高中,女,國中,高中,65,51,39,41,39,53,7,8,1,9
高中,男,高中,高中,62,52,53,48,50,55,3,0,1,1
高中,NA,NA,NA,58,48,42,35,47,56,9,8,3,NA
高中,女,NA,NA,57,53,42,42,45,42,8,6,2,3
高中,女,高中,高中,64,64,55,46,53,50,8,3,1,3
高中,男,NA,NA,56,51,58,57,54,47,3,2,0,0
高中,女,大學或專科,大學或專科,55,60,64,69,53,66,9,8,2,4
高中,男,大學或專科,大學或專科,50,60,47,48,52,54,8,8,9,2
高中,女,高中,國中,62,64,55,40,49,53,7,1,3,2
高中,男,小學或不識字,高中,61,41,49,35,52,50,22,11,9,6
高中,男,高中,大學或專科,59,62,57,49,53,55,12,9,3,2
高中,男,高中,高中,63,48,60,58,48,57,2,0,1,1
高中,男,大學或專科,大學或專科,58,46,42,47,45,44,12,9,5,3
高中,男,高中,高中,64,47,50,53,35,37,3,3,2,5
高中,男,大學或專科,大學或專科,37,54,58,44,46,40,8,2,5,5
高中,男,高中,國中,68,45,54,65,61,48,7,5,2,6
高中,男,高中,大學或專科,42,51,47,23,39,47,15,11,3,9
高中,男,大學或專科,大學或專科,68,51,67,55,70,64,6,5,4,3
高中,男,大學或專科,高中,44,44,64,62,50,57,9,1,4,4
高中,男,高中,高中,60,51,59,62,52,42,1,0,1,2
高中,女,高中,高中,38,58,61,32,46,42,11,7,3,3
高中,女,研究所以上,大學或專科,57,61,52,44,60,49,7,9,2,6
高中,男,大學或專科,大學或專科,62,60,66,54,60,63,10,9,3,4
高中,女,高中,高中,61,67,56,55,52,52,9,8,1,6
高中,女,大學或專科,高中,41,71,45,28,36,35,19,15,9,9
高中,女,高中,高中,65,61,61,53,53,46,4,1,2,0
高中,女,高中,高中,46,48,54,54,55,48,15,11,2,7
高中,女,高中,高中,51,50,50,52,51,47,12,9,5,7
高中,女,大學或專科,高中,55,59,59,61,53,55,1,0,1,2
高中,女,大學或專科,大學或專科,60,60,63,57,53,63,3,6,1,1
高中,女,高中,高中,51,59,49,42,52,49,0,0,0,0
高中,女,高中,高中,60,64,71,60,57,66,4,8,0,2
高中,女,國中,小學或不識字,65,64,40,50,49,49,4,9,2,7
高中,女,大學或專科,大學或專科,48,59,45,42,43,61,13,10,6,5
高中,女,高中,高中,43,69,47,29,38,38,15,9,4,3
高中,女,高中,高中,71,51,56,49,50,39,0,1,1,2
高中,女,高中,大學或專科,NA,66,66,58,65,45,8,5,5,4
高中,女,高中,高中,56,70,71,64,49,55,7,4,1,0
高中,女,高中,高中,68,62,71,52,58,58,6,0,3,1
高中,女,大學或專科,大學或專科,57,64,47,43,49,50,9,11,3,3
高中,女,國中,國中,57,58,63,48,56,41,3,0,1,4
高中,男,大學或專科,大學或專科,63,55,63,60,62,51,0,0,0,2
高中,女,大學或專科,高中,50,56,53,47,34,36,14,10,7,3
高中,女,高中,國中,74,51,48,44,40,46,6,3,3,3
高中,男,高中,大學或專科,47,41,52,37,41,56,14,0,7,3
高中,女,國中,高中,58,55,33,38,56,54,7,4,1,4
高中,女,國中,高中,65,66,48,41,35,39,12,12,2,5
高中,女,高中,國中,70,64,34,47,51,55,9,16,1,6
高中,女,國中,國中,53,66,54,53,54,58,9,11,2,6
高中,女,大學或專科,高中,60,55,60,57,51,48,2,1,1,2
高中,男,高中,高中,58,57,60,53,52,53,5,4,2,3
高中,男,大學或專科,大學或專科,63,53,55,71,53,62,4,3,7,1
高中,男,國中,大學或專科,33,64,48,37,45,61,14,7,1,3
高中,女,高中,小學或不識字,70,66,54,52,45,52,3,2,0,3
高中,男,研究所以上,大學或專科,55,51,58,55,46,60,2,1,1,3
高中,男,國中,國中,54,61,55,57,43,47,6,2,4,3
高中,女,高中,大學或專科,46,60,48,32,61,36,11,7,2,3
高中,女,大學或專科,大學或專科,52,65,51,54,59,43,7,8,1,4
高中,女,高中,國中,50,64,45,46,52,52,5,11,1,4
高中,女,高中,高中,67,50,58,68,62,62,1,0,0,0
高中,女,研究所以上,大學或專科,61,66,70,67,47,56,1,0,1,1
高中,女,高中,高中,54,51,43,22,35,56,17,16,4,10
高中,女,國中,高中,51,66,68,57,67,62,6,11,2,1
高中,男,國中,國中,59,54,56,42,57,54,1,0,0,2
高中,男,大學或專科,大學或專科,31,58,46,32,30,63,24,12,14,8
高中,男,大學或專科,大學或專科,47,51,47,42,33,47,15,4,7,10
高中,女,高中,高中,64,47,52,53,55,60,4,3,0,2
高中,女,大學或專科,高中,59,61,55,47,53,45,5,4,2,3
高中,女,高中,高中,66,63,54,48,44,46,13,6,2,1
高中,男,高中,高中,70,48,59,56,55,62,3,1,1,4
高中,男,大學或專科,高中,50,56,56,39,41,50,7,3,6,2
高中,女,大學或專科,高中,50,58,39,44,47,44,6,13,0,9
高中,女,高中,大學或專科,55,63,61,50,57,74,9,6,0,1
高中,女,大學或專科,大學或專科,65,61,64,45,39,57,12,5,7,3
高中,女,小學或不識字,大學或專科,51,61,53,54,48,66,3,6,4,6
高中,女,高中,高中,51,62,65,55,56,54,2,3,1,1
高中,女,高中,國中,67,71,52,42,44,50,13,8,3,5
高中,女,高中,小學或不識字,59,64,54,54,45,56,9,8,3,5
高中,女,大學或專科,大學或專科,72,57,39,51,45,50,15,17,4,10
高中,女,國中,小學或不識字,37,64,57,51,43,44,12,8,4,6
高中,女,高中,高中,49,62,49,56,49,49,4,7,4,5
高中,女,大學或專科,高中,56,72,49,36,59,46,11,18,1,5
高中,NA,高中,高中,63,67,52,30,46,41,15,NA,3,6
高中,女,高中,國中,42,67,45,46,43,50,16,11,4,9
高中,女,國中,高中,53,47,54,50,53,45,4,2,5,2
高中,女,小學或不識字,高中,59,63,38,48,51,48,5,11,2,8
高中,女,大學或專科,大學或專科,43,50,44,40,44,61,13,11,4,6
高中,女,大學或專科,大學或專科,58,58,45,55,39,42,8,8,5,7
高中,女,大學或專科,大學或專科,68,44,41,70,49,62,2,5,2,10
高中,女,高中,高中,53,50,47,42,39,39,4,3,3,7
高中,女,高中,高中,69,65,39,50,42,58,5,6,2,4
高中,女,大學或專科,大學或專科,67,68,39,57,64,69,5,1,2,4
高中,女,高中,小學或不識字,64,61,38,50,43,61,6,14,3,8
高中,女,高中,高中,57,65,45,37,40,54,14,8,6,7
高中,女,高中,高中,59,75,56,59,53,55,8,16,4,5
高中,女,大學或專科,高中,56,58,59,56,58,53,3,0,0,2
高中,女,大學或專科,大學或專科,58,53,60,55,55,52,7,4,1,4
高中,女,大學或專科,大學或專科,54,59,58,45,42,41,13,8,3,1
高中,女,大學或專科,大學或專科,55,63,61,56,46,56,5,6,3,2
高中,女,高中,高中,66,64,53,52,51,49,6,2,1,5
高中,女,大學或專科,高中,61,57,43,59,55,51,1,5,1,5
高中,女,高中,高中,57,56,42,46,43,46,5,5,4,6
高中,女,大學或專科,高中,59,64,50,45,67,65,5,5,0,2
高中,女,大學或專科,大學或專科,54,67,56,35,50,56,8,6,4,3
高中,女,大學或專科,大學或專科,62,55,52,62,44,42,2,2,1,7
高中,女,高中,高中,59,52,60,62,52,48,5,5,2,5
高中,女,高中,高中,67,71,44,38,53,58,9,14,1,6
高中,女,國中,高中,65,70,61,52,48,42,4,2,0,1
高中,女,大學或專科,大學或專科,57,56,55,60,48,60,3,4,2,4
高中,女,大學或專科,高中,61,62,64,55,41,65,4,3,2,3
高中,女,高中,高中,60,69,60,46,58,56,12,11,4,6
高中,女,國中,國中,44,61,58,41,41,49,15,16,10,5
高中,女,高中,高中,63,60,70,43,56,43,9,2,0,1
高中,女,國中,高中,68,61,59,55,50,61,2,2,0,1
高中,女,高中,小學或不識字,66,63,59,58,51,52,4,2,1,0
高中,女,NA,高中,65,67,70,48,43,55,10,9,7,0
高中,女,大學或專科,大學或專科,65,65,60,54,38,59,7,6,1,2
高中,男,高中,高中,52,20,24,40,36,56,10,8,8,11
高中,男,大學或專科,大學或專科,48,52,49,46,45,46,17,11,12,7
高中,男,大學或專科,大學或專科,49,55,40,52,44,61,8,NA,NA,10
高中,男,大學或專科,大學或專科,42,49,74,54,45,52,9,3,4,3
高中,男,大學或專科,大學或專科,46,58,58,42,48,41,14,6,6,5
高中,男,研究所以上,研究所以上,55,39,77,62,47,44,9,3,6,3
高中,女,大學或專科,大學或專科,63,61,48,65,55,56,1,6,0,6
高中,男,高中,高中,39,51,62,54,53,45,13,6,9,3
高中,男,高中,高中,57,55,58,50,44,58,9,1,2,4
高中,男,高中,高中,54,65,43,36,56,44,9,8,5,9
高中,女,高中,高中,61,77,26,47,42,48,7,17,2,12
高中,男,大學或專科,大學或專科,47,61,57,43,52,55,7,3,4,2
高中,男,小學或不識字,國中,59,50,54,56,50,54,0,0,0,0
高中,女,高中,國中,59,54,51,50,49,60,8,10,0,8
高中,男,大學或專科,高中,62,50,52,56,55,52,8,7,4,5
高中,男,大學或專科,高中,61,62,61,52,39,42,8,3,6,2
高中,男,高中,高中,51,50,58,55,52,56,6,3,3,2
高中,男,高中,高中,62,55,31,57,42,50,9,4,3,7
高中,男,高中,高中,62,45,48,47,39,41,10,7,5,5
高中,男,國中,國中,62,54,NA,59,45,46,1,0,0,1
高中,男,高中,高中,54,53,56,49,47,60,10,4,4,7
高中,男,高中,大學或專科,61,53,56,50,51,NA,5,1,1,NA
高中,男,NA,NA,65,63,57,54,57,48,6,9,0,5
高中,女,國中,高中,63,55,49,49,51,45,9,8,2,5
高中,女,高中,小學或不識字,70,67,50,40,34,54,13,12,2,3
高中,男,大學或專科,大學或專科,37,59,55,49,53,49,9,10,5,2
高中,女,小學或不識字,國中,53,60,51,46,53,45,2,3,2,2
高中,男,大學或專科,國中,41,57,53,47,39,53,10,3,4,2
高中,男,高中,高中,30,52,51,48,41,42,8,2,6,4
高中,女,高中,高中,69,64,68,47,48,56,6,2,1,6
高中,男,研究所以上,研究所以上,52,44,42,48,35,42,13,6,3,7
高中,女,國中,國中,78,59,65,51,53,60,6,NA,1,5
高中,男,大學或專科,高中,51,54,52,48,56,46,14,5,11,4
高中,男,高中,國中,36,58,52,51,53,51,15,9,7,9
高中,男,國中,高中,54,50,39,52,36,38,7,5,6,5
高中,女,高中,高中,58,68,65,41,47,36,10,6,0,4
高中,女,大學或專科,大學或專科,43,55,45,52,41,48,9,8,3,6
高中,女,高中,高中,48,39,63,50,45,51,7,0,4,1
高中,男,大學或專科,大學或專科,51,47,52,51,45,45,5,2,4,3
高中,男,國中,國中,43,58,43,46,56,64,6,10,3,4
高中,男,國中,大學或專科,42,58,55,40,52,NA,4,0,0,1
高中,NA,高中,國中,55,64,41,45,52,38,7,8,7,6
高中,男,大學或專科,高中,60,61,54,50,50,63,9,NA,3,NA
高中,男,大學或專科,高中,40,50,58,62,41,48,16,6,12,4
高中,男,高中,國中,76,53,43,45,49,49,13,9,3,6
高中,女,大學或專科,大學或專科,55,53,77,55,46,58,5,5,0,0
高中,女,大學或專科,大學或專科,57,62,61,47,49,56,7,7,2,4
高中,男,高中,高中,44,52,52,51,43,50,11,7,5,4
高中,男,國中,高中,59,47,58,58,48,59,4,0,1,2
高中,男,大學或專科,大學或專科,45,52,54,49,49,47,10,12,5,2
高中,女,國中,高中,64,61,51,57,51,65,12,14,1,5
高中,男,高中,高中,44,59,52,36,40,39,14,10,5,6
高中,男,高中,大學或專科,58,51,39,48,48,54,12,9,4,6
高中,男,大學或專科,大學或專科,50,60,58,37,50,52,6,5,5,5
高中,男,高中,高中,63,31,44,56,41,33,7,2,8,7
高中,男,小學或不識字,國中,73,56,57,44,42,46,13,4,4,5
高中,男,高中,高中,57,54,51,57,41,43,3,1,3,2
高中,男,國中,高中,63,60,43,47,54,55,4,9,1,7
高中,男,高中,高中,69,57,66,54,58,58,2,0,1,4
高中,男,高中,國中,48,39,65,35,33,45,17,1,6,4
高中,男,高中,大學或專科,65,49,60,51,54,56,9,3,4,2
高中,男,大學或專科,大學或專科,57,59,54,55,30,57,17,6,9,4
高中,女,國中,大學或專科,55,67,58,70,52,55,8,7,2,4
高中,女,國中,高中,60,63,63,57,39,36,5,2,1,5
高中,女,高中,高中,66,52,48,36,42,42,7,NA,2,4
高中,女,研究所以上,研究所以上,52,51,56,49,37,60,15,14,5,7
高中,女,高中,國中,62,49,44,57,34,53,5,5,2,8
高中,男,大學或專科,大學或專科,68,24,46,78,68,61,0,0,2,7
高中,女,國中,高中,62,60,57,51,58,59,NA,4,2,4
高中,男,高中,高中,60,58,59,52,44,45,13,11,8,6
高中,女,大學或專科,大學或專科,45,52,51,48,60,54,13,10,3,8
高中,男,國中,高中,59,56,62,47,48,53,17,10,5,3
高中,男,大學或專科,大學或專科,58,58,66,56,47,58,6,1,3,2
高中,女,高中,高中,64,64,53,54,51,63,3,9,1,9
高中,男,研究所以上,大學或專科,28,47,52,43,49,58,16,11,10,6
高中,男,小學或不識字,國中,66,61,53,48,35,43,6,7,3,5
高中,男,大學或專科,大學或專科,58,60,54,50,38,53,6,3,5,3
高中,女,高中,國中,69,57,57,61,52,56,2,5,1,3
高中,男,大學或專科,研究所以上,49,40,62,60,45,59,4,2,5,3
高中,男,大學或專科,高中,29,53,35,36,40,35,17,10,16,9
高中,NA,NA,NA,66,68,30,58,49,59,1,10,0,2
高中,男,國中,國中,51,46,45,49,48,42,5,9,6,8
高中,男,高中,高中,40,51,61,49,45,51,6,5,8,0
高中,女,高中,高中,48,52,60,63,56,54,11,11,4,4
高中,女,國中,大學或專科,67,68,65,42,53,61,7,4,1,2
高中,女,研究所以上,大學或專科,58,58,55,50,48,52,6,6,3,6
高中,女,高中,大學或專科,54,58,51,46,46,48,9,7,3,6
高中,女,NA,高中,61,58,55,56,44,40,4,6,2,4
高中,男,國中,國中,56,56,45,43,45,53,9,8,2,3
高中,女,國中,高中,44,64,53,41,57,50,9,10,4,4
高中,男,高中,國中,35,46,55,41,59,52,7,3,4,1
高中,女,高中,小學或不識字,56,53,46,42,60,47,16,18,2,4
高中,男,大學或專科,高中,76,44,70,63,48,56,2,0,0,1
高中,男,大學或專科,大學或專科,46,51,59,42,49,48,11,6,3,5
高中,男,國中,國中,45,44,59,56,44,49,3,12,3,6
高中,女,大學或專科,大學或專科,68,60,75,56,55,47,2,2,1,2
高中,男,大學或專科,高中,56,52,50,57,49,42,6,4,3,3
高中,男,高中,大學或專科,61,51,74,46,43,70,9,3,3,1
高中,女,高中,國中,52,66,64,37,47,61,6,2,1,1
高中,女,高中,國中,62,63,68,58,67,57,5,5,2,2
高中,女,大學或專科,高中,62,65,52,44,57,43,6,9,1,3
高中,女,研究所以上,大學或專科,55,61,36,45,35,34,4,4,0,8
高中,男,高中,高中,57,46,61,61,48,51,4,0,6,2
高中,女,高中,國中,57,60,57,56,53,55,1,0,0,1
高中,男,高中,高中,51,60,56,44,58,52,14,11,7,5
高中,男,國中,小學或不識字,62,38,53,65,54,55,2,4,0,5
高中,女,大學或專科,大學或專科,51,52,52,52,48,39,8,9,1,5
高中,男,大學或專科,國中,61,62,48,54,53,43,12,14,7,8
高中,女,高中,大學或專科,64,61,60,60,52,55,6,8,5,3
高中,女,大學或專科,大學或專科,57,55,46,48,39,42,5,3,2,5
高中,男,大學或專科,高中,58,53,50,50,45,34,2,0,0,3
高中,男,高中,高中,53,53,52,50,48,47,10,7,5,8
高中,男,高中,高中,62,55,60,41,45,49,4,1,2,1
高中,男,大學或專科,大學或專科,63,59,50,35,50,55,10,8,2,5
高中,男,國中,國中,67,52,59,49,42,41,3,0,4,1
高中,女,大學或專科,大學或專科,57,75,35,49,46,55,13,16,5,12
高中,男,高中,高中,57,59,49,51,48,47,10,9,7,4
高中,NA,研究所以上,研究所以上,58,50,56,43,49,43,0,0,2,1
高中,NA,NA,NA,42,48,53,44,60,42,23,10,10,7
高中,NA,大學或專科,大學或專科,53,54,59,50,48,49,6,NA,4,NA
高中,女,高中,高中,64,50,51,60,54,57,3,5,0,1
高中,男,高中,高中,54,50,43,54,53,50,11,7,5,9
高中,男,高中,大學或專科,56,57,50,61,51,48,7,6,NA,9
高中,女,高中,高中,62,55,42,44,37,44,7,5,4,8
高中,男,研究所以上,研究所以上,59,41,28,52,43,55,4,5,4,6
高中,男,高中,高中,68,59,55,48,48,47,11,9,3,6
高中,女,大學或專科,高中,66,71,57,46,49,51,7,11,0,3
高中,女,大學或專科,大學或專科,64,72,46,46,42,47,4,9,1,2
高中,女,NA,NA,54,49,59,58,49,44,2,2,0,1
高中,女,大學或專科,大學或專科,49,60,47,38,36,34,10,9,4,6
高中,男,大學或專科,大學或專科,50,48,51,49,47,42,2,4,2,3
高中,女,高中,國中,63,51,47,61,58,59,4,3,2,8
高中,男,高中,高中,50,61,32,41,46,47,11,20,3,9
高中,男,大學或專科,高中,43,46,48,42,49,45,10,4,4,4
高中,女,大學或專科,大學或專科,54,56,61,51,33,55,5,1,4,2
高中,女,大學或專科,高中,49,58,35,36,42,45,16,18,3,8
高中,女,高中,大學或專科,67,52,58,53,45,52,5,5,2,3
高中,男,高中,高中,45,54,44,49,53,46,24,13,14,8
高中,男,高中,高中,45,46,47,47,41,44,5,1,6,1
高中,女,大學或專科,大學或專科,43,63,60,37,38,39,16,12,4,0
高中,女,國中,高中,38,72,55,47,46,45,7,4,2,2
高中,男,高中,高中,56,52,63,52,53,47,19,10,14,9
高中,男,高中,國中,62,60,64,44,54,54,11,6,1,1
高中,女,高中,高中,67,50,55,56,61,58,6,7,0,4
高中,男,NA,NA,57,52,58,52,56,54,2,5,0,4
高中,女,高中,高中,46,64,50,42,40,36,7,3,1,3
高中,女,國中,高中,58,56,53,54,43,48,6,2,0,4
高中,女,高中,大學或專科,57,50,63,43,53,52,5,3,2,1
高中,女,高中,高中,52,68,57,40,34,54,13,13,4,4
高中,女,小學或不識字,小學或不識字,70,70,35,69,36,36,2,13,0,8
高中,男,國中,國中,41,34,48,48,43,52,16,6,9,7
高中,女,高中,高中,50,62,53,43,42,42,6,4,3,NA
高中,女,國中,國中,72,55,56,47,47,47,13,8,1,4
高中,女,國中,國中,44,58,54,45,52,46,12,6,3,3
高中,女,大學或專科,大學或專科,61,62,51,53,34,50,16,8,3,3
高中,男,小學或不識字,小學或不識字,56,54,43,45,56,43,9,5,3,7
高中,女,小學或不識字,國中,67,56,54,59,52,43,6,6,2,6
高中,女,國中,國中,64,55,58,60,48,39,6,1,1,4
高中,女,國中,高中,51,70,43,42,45,42,11,20,2,9
高中,女,國中,高中,54,69,42,42,43,54,13,13,7,5
高中,女,國中,小學或不識字,59,48,50,54,56,55,3,2,1,2
高中,女,國中,高中,55,65,53,55,50,59,5,6,4,6
高中,女,國中,小學或不識字,75,36,59,54,56,64,6,0,2,3
高中,女,國中,高中,57,62,57,48,54,47,4,1,2,3
高中,女,高中,國中,52,62,54,44,43,42,7,4,2,3
高中,女,小學或不識字,小學或不識字,64,68,54,48,33,58,17,11,2,3
高中,女,高中,高中,69,61,45,55,52,50,2,10,4,10
高中,女,國中,國中,61,55,50,50,55,51,9,8,6,6
高中,女,國中,國中,66,44,53,62,41,40,7,7,6,6
高中,男,高中,國中,58,60,47,49,47,42,7,4,5,7
高中,女,高中,高中,40,57,43,41,42,39,11,12,6,6
高中,女,高中,高中,62,67,58,48,47,50,10,13,1,5
高中,女,國中,高中,57,66,50,57,47,60,7,7,1,6
高中,女,高中,高中,55,58,63,41,49,57,9,4,3,6
高中,女,國中,國中,67,54,54,43,57,53,6,4,2,5
高中,女,高中,高中,54,55,49,40,42,51,6,6,1,2
高中,女,大學或專科,高中,65,60,61,42,51,53,13,4,2,1
高中,男,國中,國中,56,50,46,50,46,53,8,8,5,8
高中,女,大學或專科,高中,56,61,49,48,46,49,4,1,0,3
高中,女,高中,國中,65,64,57,46,41,59,14,12,4,4
高中,女,國中,高中,56,70,65,50,33,34,13,5,4,1
高中,女,大學或專科,國中,53,60,50,49,49,50,6,4,1,2
高中,女,國中,國中,49,60,47,50,53,47,8,9,2,3
高中,女,高中,國中,74,61,59,57,65,71,1,1,0,4
高中,女,高中,高中,49,53,47,51,51,51,NA,13,5,7
高中,女,高中,高中,50,74,73,52,56,64,12,12,4,4
高中,女,高中,高中,66,54,42,53,43,40,5,8,4,3
高中,女,大學或專科,大學或專科,74,64,37,42,58,49,5,11,3,7
高中,女,國中,高中,45,66,69,44,59,33,18,12,10,4
高中,女,國中,高中,62,57,50,47,52,42,7,6,0,3
高中,女,大學或專科,大學或專科,59,49,53,57,52,47,5,6,3,4
高中,女,國中,高中,50,66,46,34,43,47,22,17,4,4
高中,女,高中,國中,63,65,49,47,52,55,11,13,5,5
高中,女,小學或不識字,高中,64,60,54,53,64,64,7,5,2,8
高中,男,高中,國中,51,62,63,44,53,57,19,12,8,8
高中,女,高中,國中,50,57,49,46,45,53,20,NA,6,7
高中,女,國中,高中,54,55,44,57,50,55,10,11,5,7
高中,女,高中,高中,54,57,52,48,46,54,8,4,3,3
高中,女,高中,高中,63,48,43,48,38,50,14,9,5,8
高中,男,國中,國中,50,54,NA,43,47,43,7,3,7,3
高中,女,國中,國中,51,58,61,46,48,55,17,11,8,4
高中,女,高中,高中,61,58,53,54,47,57,6,7,3,4
高中,女,國中,大學或專科,70,57,38,42,46,52,10,9,2,8
高中,女,高中,國中,61,52,43,37,52,55,20,18,7,7
高中,女,國中,國中,65,59,54,49,43,44,8,4,1,3
高中,女,國中,國中,58,59,51,62,48,66,2,4,0,4
高中,女,高中,高中,52,62,33,34,49,60,11,17,8,12
高中,女,高中,高中,52,50,58,55,46,48,8,3,1,1
高中,女,國中,高中,46,65,44,39,41,44,13,8,7,5
高中,女,大學或專科,大學或專科,57,56,41,48,53,61,13,17,5,11
高中,女,高中,高中,71,67,51,39,51,52,10,10,1,2
高中,女,大學或專科,大學或專科,58,49,55,46,41,49,12,1,8,3
高中,女,國中,國中,55,63,43,47,46,48,5,5,2,8
高中,女,國中,國中,72,63,65,50,44,57,8,7,1,2
高中,女,國中,國中,57,58,61,48,40,51,11,7,2,1
高中,男,高中,國中,64,54,45,51,53,49,5,6,1,11
高中,女,高中,高中,70,65,65,40,50,33,12,12,7,4
高中,女,國中,高中,63,48,47,49,47,55,8,10,3,5
高中,男,高中,高中,55,54,45,51,41,47,10,6,5,4
高中,女,小學或不識字,國中,58,53,44,56,45,51,3,4,1,5
高中,女,高中,大學或專科,66,63,44,54,54,59,2,6,0,5
高中,女,高中,高中,69,53,59,47,43,56,15,7,9,3
高中,女,NA,NA,61,65,50,37,41,62,8,4,1,0
高中,女,高中,大學或專科,61,61,43,52,51,47,13,16,3,5
高中,男,大學或專科,高中,55,52,54,66,NA,58,10,NA,12,7
高中,女,小學或不識字,國中,61,61,53,38,43,39,10,9,3,5
高中,男,NA,NA,44,52,49,60,54,36,7,1,6,3
高中,男,國中,國中,63,48,55,57,46,49,3,1,0,3
高中,女,大學或專科,大學或專科,54,50,36,47,44,42,3,9,1,7
高中,男,NA,NA,55,48,43,49,57,47,7,6,5,7
高中,男,大學或專科,小學或不識字,55,70,42,35,44,37,16,14,9,8
高中,女,國中,高中,56,49,45,42,43,43,10,10,4,6
高中,男,大學或專科,高中,28,51,61,33,45,49,10,4,3,3
高中,女,小學或不識字,國中,52,59,48,37,48,28,14,8,5,6
高中,男,國中,國中,49,47,59,46,47,45,6,4,4,1
高中,女,NA,國中,75,72,66,53,44,56,10,14,4,4
高中,男,高中,高中,57,52,40,47,49,39,2,4,0,3
高中,男,高中,國中,76,55,36,53,40,49,3,6,1,8
高中,男,高中,高中,58,50,51,44,39,45,8,6,4,1
高中,男,國中,大學或專科,55,45,51,58,56,52,2,0,2,0
高中,女,高中,國中,53,56,58,40,54,47,4,5,2,4
高中,女,國中,高中,58,63,49,49,48,48,13,14,2,6
高中,女,高中,高中,62,61,50,55,50,51,3,6,0,4
高中,男,國中,國中,59,55,55,44,48,41,10,9,4,4
高中,男,國中,高中,48,55,47,45,39,45,8,6,8,4
高中,女,高中,高中,64,67,48,51,50,45,6,7,3,6
高中,男,國中,高中,58,48,57,57,59,59,2,1,1,2
高中,男,國中,高中,60,55,43,39,41,40,10,6,4,5
高中,男,國中,國中,65,35,64,66,46,46,5,0,2,1
高中,女,高中,高中,69,49,46,59,58,54,4,3,2,7
高中,男,高中,高中,61,68,46,44,52,54,10,9,6,10
高中,男,高中,高中,56,62,47,47,43,43,7,10,4,6
高中,女,小學或不識字,國中,59,64,57,44,46,46,8,2,1,3
高中,女,國中,國中,60,49,51,52,54,52,2,3,0,2
高中,男,NA,NA,57,56,48,42,44,43,10,4,4,4
高中,女,高中,高中,74,55,55,71,33,35,6,8,1,6
高中,男,高中,高中,40,58,41,47,44,39,6,9,3,6
高中,男,國中,國中,78,55,67,65,56,66,23,6,5,3
高中,女,國中,國中,57,62,45,59,51,54,9,9,1,6
高中,男,國中,國中,57,48,44,43,57,46,14,9,2,7
高中,男,國中,國中,67,50,56,51,50,50,13,0,6,4
高中,女,國中,高中,59,65,43,47,55,45,5,10,1,4
高中,女,國中,國中,48,53,54,49,49,46,8,6,4,3
高中,男,國中,高中,34,42,41,33,51,47,16,4,5,10
高中,女,大學或專科,高中,59,58,61,45,38,52,10,7,2,4
高中,女,高中,高中,58,60,51,44,49,42,9,5,1,5
高中,男,NA,NA,47,46,49,49,46,44,1,0,1,3
高中,男,高中,高中,52,45,51,42,48,49,13,6,9,7
高中,男,大學或專科,大學或專科,45,54,55,48,47,41,8,7,4,3
高中,男,國中,國中,51,49,53,47,47,53,17,11,11,7
高中,男,高中,高中,55,50,61,40,48,58,2,1,1,1
高中,男,國中,國中,49,53,39,56,47,50,6,9,6,9
高中,男,國中,國中,51,57,51,48,47,50,10,7,6,6
高中,男,國中,高中,40,59,42,45,40,42,17,12,10,6
高中,男,高中,高中,65,57,49,50,55,55,6,4,0,5
高中,男,高中,國中,47,59,46,42,34,53,19,12,12,10
高中,男,NA,NA,53,51,61,50,34,45,9,1,6,1
高中,男,國中,國中,48,54,51,45,50,51,9,4,2,3
高中,男,大學或專科,高中,45,54,64,52,67,63,7,8,2,2
高中,男,高中,高中,53,55,60,50,47,46,14,6,5,4
高中,男,高中,大學或專科,52,51,50,48,61,NA,2,1,1,4
高中,男,國中,高中,52,NA,45,48,44,NA,13,16,6,9
高中,男,大學或專科,高中,30,56,66,41,54,49,7,2,6,2
高中,男,國中,大學或專科,58,57,52,54,53,63,3,1,1,5
高中,男,國中,國中,57,55,62,58,62,55,3,4,2,1
高中,男,國中,高中,47,67,46,51,61,64,20,NA,7,5
高中,男,大學或專科,大學或專科,49,54,55,55,43,53,11,3,6,6
高中,男,高中,高中,55,59,50,47,56,51,11,12,5,9
高中,男,國中,國中,69,47,55,70,50,47,1,1,0,2
高中,男,高中,國中,60,52,48,44,42,41,10,9,4,7
高中,男,國中,大學或專科,52,59,45,36,40,39,16,12,6,8
高中,男,國中,國中,58,54,54,60,55,47,5,0,0,1
高中,男,高中,高中,59,54,64,50,58,46,2,1,3,3
高中,男,高中,高中,42,59,55,30,34,NA,26,18,10,8
高中,男,NA,NA,53,60,44,44,49,41,7,9,3,5
高中,女,高中,國中,52,61,53,58,66,55,2,3,0,2
高中,男,高中,高中,56,54,60,51,42,52,10,7,4,2
高中,男,國中,高中,56,52,55,51,47,48,4,3,6,2
高中,男,高中,高中,49,60,49,43,58,55,17,8,3,6
高中,男,大學或專科,高中,40,58,40,51,51,48,6,7,4,9
高中,男,高中,國中,59,54,58,59,48,55,1,3,2,3
高中,男,高中,國中,49,55,51,48,41,41,9,4,4,5
高中,男,高中,高中,59,58,65,55,62,52,2,0,1,3
高中,男,大學或專科,高中,33,48,59,39,34,49,26,7,14,5
高中,男,高中,高中,68,49,70,63,64,68,2,0,2,0
高中,NA,NA,NA,63,61,43,50,44,50,6,11,7,6
高中,男,NA,NA,68,53,51,60,55,42,3,1,0,NA
高中,男,國中,高中,46,51,52,42,51,54,6,4,4,4
高中,男,大學或專科,NA,61,52,62,60,61,57,2,3,1,3
高中,男,小學或不識字,小學或不識字,50,64,61,56,46,34,15,15,9,7
高中,男,高中,高中,52,57,58,52,59,53,7,5,3,2
高中,男,大學或專科,大學或專科,43,47,56,52,49,53,8,3,7,3
高中,男,高中,高中,59,59,68,58,57,63,9,3,6,2
高中,男,國中,國中,62,46,55,47,49,43,18,4,9,5
高中,男,國中,國中,65,50,33,41,51,37,12,10,3,11
高中,男,大學或專科,大學或專科,55,46,61,62,44,59,9,5,5,2
高中,男,大學或專科,大學或專科,60,57,49,52,NA,50,6,5,2,4
高中,男,高中,高中,53,49,41,46,51,52,9,6,5,9
高中,男,國中,國中,60,48,60,58,52,57,5,2,2,3
高中,男,高中,高中,51,62,53,48,58,59,6,10,1,3
高中,男,國中,小學或不識字,52,55,61,60,61,57,5,3,1,2
高中,男,NA,NA,62,55,44,33,39,40,16,8,5,6
高中,男,國中,國中,50,53,48,45,56,54,7,4,0,2
高中,男,國中,國中,44,54,44,31,44,44,22,8,13,7
高中,男,國中,高中,56,54,52,35,50,49,15,10,8,7
高中,男,國中,國中,58,40,49,50,45,47,2,0,2,2
高中,男,國中,國中,63,55,51,47,51,42,2,1,3,2
高中,男,高中,高中,57,51,40,47,31,39,7,12,4,8
高中,男,高中,高中,50,44,50,45,52,48,10,3,7,2
高中,男,國中,高中,56,50,45,55,51,51,9,6,6,5
高中,男,高中,高中,42,51,45,43,44,43,10,5,4,4
高中,男,國中,高中,62,60,53,51,52,51,8,2,2,2
高中,男,NA,NA,72,54,51,55,40,56,7,5,1,4
高中,男,國中,國中,61,58,55,35,49,44,18,8,7,3
高中,男,國中,大學或專科,56,44,48,48,54,53,7,2,0,1
高中,男,小學或不識字,國中,70,62,45,46,46,41,3,8,3,6
高中,男,國中,高中,50,NA,46,42,41,55,7,4,3,5
高中,男,高中,高中,47,47,50,44,57,48,11,4,7,3
高中,男,高中,國中,46,52,48,61,44,47,8,8,9,7
高中,男,高中,高中,46,52,50,40,45,55,17,11,12,7
高中,男,大學或專科,大學或專科,51,47,50,47,47,43,0,0,0,0
高中,男,國中,高中,52,54,50,47,53,44,3,0,4,5
高中,男,大學或專科,大學或專科,57,49,45,48,47,40,15,10,5,6
高中,男,高中,國中,62,67,53,50,52,48,12,6,6,7
高中,男,高中,高中,54,48,44,62,43,62,13,11,5,6
高中,男,高中,高中,55,60,59,44,48,46,7,6,3,4
高中,男,大學或專科,高中,43,56,55,36,41,45,16,6,8,3
高中,男,大學或專科,國中,52,56,53,57,34,28,10,10,6,4
高中,男,大學或專科,國中,62,53,63,51,51,67,4,1,1,2
高中,男,大學或專科,大學或專科,65,57,63,69,59,53,13,9,3,7
高中,男,大學或專科,大學或專科,58,44,59,56,55,47,5,0,6,2
高中,女,高中,高中,68,52,55,63,56,41,2,2,2,4
高中,男,高中,高中,53,44,55,58,44,42,3,1,2,2
高中,男,大學或專科,大學或專科,53,52,50,46,49,50,7,10,3,5
高中,男,高中,高中,74,36,48,38,52,45,5,1,5,6
高中,男,NA,國中,49,55,51,34,31,49,14,5,6,4
高中,男,國中,國中,61,61,57,58,51,38,6,5,4,4
高中,男,國中,高中,57,63,48,53,54,59,3,8,4,6
高中,男,高中,高中,46,58,46,35,41,46,15,11,8,6
高中,男,高中,高中,57,52,45,39,50,46,9,4,2,4
高中,男,高中,大學或專科,44,64,42,46,32,42,24,19,15,9
高中,男,NA,NA,56,57,44,53,57,47,3,4,2,7
高中,男,高中,國中,56,66,45,51,61,54,7,10,3,3
高中,男,高中,國中,53,65,63,59,52,60,7,NA,3,5
高中,男,高中,高中,63,56,25,51,46,47,15,15,6,10
高中,男,國中,國中,67,54,64,55,50,49,6,4,2,1
高中,男,國中,國中,55,50,54,48,51,47,3,1,1,3
高中,男,國中,高中,67,38,57,64,55,NA,5,3,1,3
高中,男,高中,高中,65,55,53,55,39,38,18,10,NA,4
高中,男,大學或專科,大學或專科,61,50,60,59,56,NA,3,1,1,2
高中,男,國中,國中,51,55,55,58,42,33,9,4,6,5
高中,男,大學或專科,高中,59,57,55,47,59,47,9,4,6,4
高中,男,大學或專科,大學或專科,46,62,36,28,21,27,26,15,11,9
高中,男,大學或專科,大學或專科,72,43,64,67,59,62,0,3,2,2
高中,男,高中,高中,54,50,51,52,NA,49,NA,NA,NA,2
高中,男,高中,研究所以上,44,44,58,49,46,54,9,3,5,7
高中,男,高中,高中,68,36,68,68,72,68,6,4,8,0
高中,男,高中,國中,51,50,60,46,56,43,7,2,4,5
高中,男,大學或專科,大學或專科,55,58,61,44,35,43,19,8,9,3
高中,男,高中,高中,59,52,54,44,58,51,0,1,0,1
高中,男,國中,國中,52,55,57,49,48,59,2,4,4,1
高中,男,大學或專科,高中,36,46,53,43,47,56,19,NA,8,8
高中,男,大學或專科,高中,61,52,44,49,37,40,9,9,5,7
高中,男,高中,高中,54,58,50,47,44,49,11,7,7,4
高中,男,國中,大學或專科,60,49,64,53,54,50,10,5,3,3
高中,男,國中,高中,72,52,42,54,45,52,5,6,2,NA
高中,男,大學或專科,高中,57,55,63,44,49,44,3,5,1,2
高中,男,國中,高中,57,54,53,48,41,47,8,3,6,4
高中,男,大學或專科,國中,65,67,37,39,39,38,18,17,5,8
高中,男,小學或不識字,高中,60,38,61,59,58,59,NA,6,1,5
高中,男,高中,高中,67,53,27,39,27,63,9,10,4,10
高中,男,國中,國中,53,52,61,54,56,35,4,1,5,3
高中,男,國中,小學或不識字,52,47,51,49,46,50,3,1,1,1
高中,男,大學或專科,高中,66,54,55,53,56,57,12,8,4,5
高中,男,大學或專科,大學或專科,55,53,NA,50,48,36,NA,6,3,5
高中,男,NA,高中,54,48,49,58,51,48,11,6,10,0
高中,男,國中,國中,56,52,50,52,52,53,3,5,5,4
高中,男,國中,國中,74,66,48,58,63,58,0,6,NA,6
高中,男,國中,高中,46,57,57,39,41,36,9,2,3,3
高中,男,NA,國中,75,55,29,49,55,37,2,6,1,10
高中,男,高中,小學或不識字,54,54,35,52,59,50,8,6,4,9
高中,男,高中,高中,55,52,65,51,52,56,6,1,0,1
高中,男,高中,國中,46,64,61,51,48,47,14,7,NA,5
高中,男,高中,高中,44,54,51,51,42,40,8,5,3,4
高中,男,高中,高中,61,70,66,46,37,63,24,10,6,3
高中,男,高中,高中,52,62,54,55,53,46,7,11,7,4
高中,男,高中,高中,55,49,58,65,58,49,4,2,1,2
高中,男,研究所以上,研究所以上,54,55,66,55,54,54,10,3,5,1
高中,男,研究所以上,大學或專科,44,53,56,39,41,44,20,NA,7,3
高中,男,大學或專科,大學或專科,58,52,56,54,55,54,9,5,4,5
國中,女,大學或專科,國中,57,60,47,40,46,50,15,9,8,6
國中,女,高中,高中,54,37,60,28,35,31,13,3,2,3
國中,女,高中,高中,62,54,53,52,54,49,1,3,NA,1
國中,男,高中,高中,53,56,59,47,56,61,16,10,2,7
國中,男,國中,國中,50,42,44,52,50,44,7,4,2,5
國中,男,國中,國中,67,50,44,40,45,46,2,1,0,1
國中,女,國中,國中,63,59,50,52,56,55,8,8,4,8
國中,男,國中,高中,42,53,38,47,39,42,16,4,5,4
國中,男,高中,高中,49,51,59,58,49,54,3,4,4,0
國中,女,高中,高中,61,58,45,43,48,39,4,2,2,0
國中,男,國中,國中,56,50,52,41,53,42,8,9,5,7
國中,男,國中,國中,60,48,43,53,46,36,7,6,3,6
國中,女,國中,高中,60,61,47,41,49,48,19,17,4,8
國中,女,大學或專科,大學或專科,63,55,57,44,55,47,9,6,1,4
國中,男,國中,高中,51,45,62,44,48,48,6,NA,3,2
國中,女,國中,小學或不識字,62,60,49,45,47,55,9,11,3,6
國中,男,國中,國中,57,49,56,57,56,54,2,3,1,2
國中,女,高中,大學或專科,66,61,52,44,53,51,9,11,3,7
國中,男,國中,國中,70,54,47,53,60,48,2,9,3,9
國中,女,國中,國中,58,70,45,38,47,35,15,14,4,8
國中,女,大學或專科,國中,50,68,29,30,51,42,22,19,8,12
國中,男,高中,高中,55,50,56,43,51,58,15,9,8,6
國中,男,國中,國中,50,36,50,46,48,53,18,8,10,6
國中,男,高中,高中,52,54,67,57,52,53,9,4,6,2
國中,女,國中,國中,67,54,47,39,62,69,12,11,4,8
國中,女,高中,高中,48,48,53,39,46,NA,14,10,7,8
國中,女,NA,NA,70,52,51,38,62,43,14,14,0,6
國中,女,高中,高中,63,54,48,40,55,53,8,4,5,4
國中,女,小學或不識字,小學或不識字,65,37,38,59,37,49,2,7,0,11
國中,男,國中,國中,50,49,39,38,39,48,22,9,NA,6
國中,女,國中,國中,49,64,55,45,49,44,7,7,5,7
國中,女,高中,小學或不識字,67,61,55,45,55,51,5,3,1,2
國中,女,國中,國中,57,56,52,44,55,52,19,10,5,7
國中,女,NA,NA,52,56,48,50,52,51,6,6,2,7
國中,女,國中,國中,61,60,43,40,47,49,13,9,2,7
國中,男,NA,NA,60,42,54,56,49,51,8,1,3,3
國中,男,高中,小學或不識字,62,68,53,42,57,57,13,11,4,5
國中,女,國中,高中,63,64,60,46,57,49,8,3,1,2
國中,男,高中,大學或專科,54,47,62,60,59,56,1,1,1,2
國中,男,國中,國中,73,62,44,45,45,47,3,5,3,5
國中,男,國中,國中,54,52,52,56,57,52,0,4,1,3
國中,男,小學或不識字,國中,55,59,51,54,50,54,5,3,0,0
國中,男,高中,NA,69,59,47,60,54,51,4,10,0,3
國中,女,國中,國中,42,31,36,32,64,55,11,2,3,7
國中,男,大學或專科,國中,56,76,62,39,59,66,12,13,4,6
國中,女,國中,國中,57,52,43,51,50,41,6,6,3,4
國中,男,國中,國中,52,68,57,44,36,52,16,14,3,6
國中,男,高中,國中,56,58,48,55,58,52,12,17,3,13
國中,男,高中,高中,56,47,50,51,51,47,4,2,1,3
國中,女,高中,高中,67,61,62,55,61,48,0,5,0,0
國中,女,高中,高中,45,49,51,45,46,51,15,11,7,7
國中,男,高中,高中,66,53,47,45,46,44,20,NA,5,8
國中,女,NA,國中,61,49,42,46,39,34,4,2,0,4
國中,男,高中,國中,42,32,55,24,34,48,24,NA,7,3
國中,女,高中,高中,57,68,47,59,60,47,11,13,3,6
國中,男,國中,國中,51,51,53,51,45,48,16,15,9,10
國中,男,國中,國中,54,24,46,26,39,39,16,4,9,7
國中,男,大學或專科,國中,44,46,55,41,43,37,6,0,6,4
國中,女,高中,國中,63,60,52,57,59,59,3,1,2,4
國中,女,國中,國中,63,60,52,62,58,59,5,9,3,6
國中,女,國中,小學或不識字,62,67,42,45,51,39,6,6,3,6
國中,女,大學或專科,大學或專科,58,55,54,54,53,47,3,6,0,6
國中,女,國中,高中,58,51,51,49,48,49,3,1,0,0
國中,女,國中,高中,62,46,56,50,48,47,3,0,3,2
國中,男,高中,高中,60,49,48,61,61,53,4,4,2,NA
國中,女,高中,高中,52,61,54,51,52,56,2,0,2,2
國中,女,高中,高中,58,50,59,45,47,42,6,4,2,0
國中,女,高中,高中,51,56,47,44,49,48,12,11,2,6
國中,女,NA,NA,75,67,54,57,57,61,10,13,4,7
國中,女,高中,高中,53,57,66,57,56,67,8,2,2,2
國中,女,小學或不識字,國中,53,62,47,51,44,44,13,9,4,7
國中,男,高中,高中,49,57,56,50,54,69,5,4,3,3
國中,男,NA,NA,62,51,63,58,67,55,3,2,3,2
國中,女,國中,高中,60,52,60,46,65,62,3,2,0,2
國中,男,國中,國中,56,56,61,50,52,53,9,12,3,6
國中,男,NA,NA,56,54,48,56,47,47,0,0,0,0
國中,男,高中,高中,56,48,52,50,47,48,5,NA,5,4
國中,男,NA,NA,51,50,52,49,49,48,1,0,0,0
國中,女,NA,NA,49,53,45,48,55,46,3,3,1,3
國中,女,國中,國中,53,49,52,50,54,44,7,5,3,2
國中,男,國中,國中,62,46,65,53,54,35,13,5,1,2
國中,男,高中,高中,41,56,39,46,51,52,13,2,7,7
國中,男,大學或專科,大學或專科,52,49,36,38,40,50,11,11,2,6
國中,女,國中,國中,74,56,55,54,65,65,1,1,NA,2
國中,男,國中,國中,64,44,55,43,40,32,15,2,2,2
國中,女,國中,國中,56,51,54,57,52,46,0,0,0,0
國中,男,高中,NA,64,56,40,28,34,40,26,20,13,9
國中,女,高中,高中,16,68,56,24,32,64,29,14,16,6
國中,男,大學或專科,大學或專科,47,53,56,41,50,44,5,12,6,5
國中,女,高中,國中,58,65,49,47,58,60,10,NA,NA,7
國中,女,國中,國中,68,69,52,55,58,54,1,5,1,3
國中,男,國中,國中,50,58,51,48,56,56,18,8,5,5
國中,男,高中,高中,70,50,59,66,51,68,3,6,2,1
國中,男,NA,NA,47,45,49,47,48,42,7,0,6,0
國中,女,大學或專科,國中,62,64,34,47,53,49,11,16,5,12
國中,女,高中,高中,73,47,55,49,62,62,8,3,2,5
國中,女,國中,高中,71,64,70,60,62,71,3,5,3,3
國中,女,大學或專科,大學或專科,69,49,55,53,58,46,4,5,1,2
國中,女,國中,高中,58,62,66,71,60,66,3,2,2,3
國中,男,國中,國中,46,51,44,58,56,51,6,10,5,5
國中,女,高中,高中,52,52,54,49,53,54,7,3,2,4
國中,女,高中,高中,54,66,52,47,50,49,9,1,2,3
國中,男,高中,大學或專科,24,27,65,61,42,35,9,7,12,13
國中,女,NA,NA,63,53,58,46,52,53,14,NA,7,9
國中,男,國中,高中,58,51,41,51,47,51,6,4,2,3
國中,女,國中,高中,63,54,41,37,59,55,6,5,0,6
國中,男,高中,高中,53,51,44,54,44,50,3,1,2,1
國中,女,小學或不識字,國中,70,53,47,48,52,54,3,2,2,4
國中,男,大學或專科,高中,54,52,51,59,45,51,10,12,3,4
國中,男,大學或專科,大學或專科,76,49,42,67,66,68,0,1,0,7
國中,女,NA,NA,59,47,47,48,36,40,8,5,5,4
國中,男,高中,高中,49,52,68,42,43,43,11,1,6,2
國中,男,國中,國中,52,49,54,43,45,56,19,8,5,10
國中,男,高中,高中,54,52,58,36,34,42,28,NA,14,8
國中,NA,NA,NA,61,59,44,46,54,50,17,19,5,8
國中,男,高中,大學或專科,57,54,39,42,37,54,17,13,17,7
國中,男,NA,NA,58,61,56,46,59,57,24,NA,17,7
國中,男,大學或專科,大學或專科,44,50,43,34,44,60,27,15,6,8
國中,男,高中,高中,55,41,58,44,50,50,NA,14,17,9
國中,男,國中,小學或不識字,48,56,51,38,42,41,14,6,6,4
國中,女,高中,NA,65,67,54,47,49,55,10,11,1,7
國中,男,小學或不識字,小學或不識字,50,58,50,38,49,53,24,11,9,6
國中,男,研究所以上,高中,62,49,58,50,53,42,3,NA,3,3
國中,女,小學或不識字,小學或不識字,68,59,31,53,54,54,12,16,4,9
國中,女,高中,高中,37,59,44,42,51,56,13,16,5,7
國中,女,大學或專科,高中,63,59,53,49,54,57,6,10,3,4
國中,女,高中,高中,62,59,60,53,62,53,5,6,1,4
國中,女,高中,國中,49,67,60,56,52,53,4,6,3,5
國中,女,國中,國中,67,74,37,54,59,43,8,19,7,5
國中,女,高中,高中,47,51,50,40,47,44,8,8,1,4
國中,男,國中,國中,72,44,40,52,65,59,5,14,6,10
國中,女,國中,國中,46,60,63,44,51,32,9,5,5,5
國中,女,國中,國中,38,66,57,47,36,48,20,11,10,9
國中,女,高中,國中,49,62,45,42,48,43,22,20,8,4
國中,女,大學或專科,大學或專科,68,49,49,59,51,69,2,3,1,5
國中,男,國中,小學或不識字,47,46,57,51,42,44,NA,10,11,5
國中,女,國中,高中,51,52,28,47,49,34,22,18,9,9
國中,男,NA,NA,53,47,62,32,57,53,0,0,0,0
國中,男,國中,高中,51,53,55,53,44,NA,13,NA,NA,6
國中,女,國中,高中,61,54,42,38,46,41,8,NA,4,NA
國中,男,小學或不識字,高中,56,53,45,52,45,55,NA,NA,1,8
國中,女,國中,國中,52,59,48,48,39,36,13,8,4,5
國中,男,高中,高中,NA,52,56,50,47,51,NA,12,6,6
國中,男,國中,國中,63,48,48,46,44,37,12,4,2,1
國中,男,國中,國中,48,50,53,51,48,47,6,3,3,2
國中,男,國中,國中,60,58,46,43,54,45,19,16,6,9
國中,女,高中,國中,53,46,39,47,49,43,14,15,16,5
國中,男,高中,NA,57,56,67,74,40,55,7,6,4,0
國中,女,高中,高中,62,60,50,42,48,46,5,7,3,4
國中,女,高中,NA,65,60,62,48,57,55,5,3,4,1
國中,女,高中,高中,64,60,36,45,49,49,10,10,2,5
國中,女,高中,小學或不識字,57,56,49,52,45,46,17,NA,6,6
國中,男,NA,高中,54,45,39,56,44,50,10,6,6,1
國中,女,高中,高中,67,56,45,64,54,54,1,3,0,6
國中,男,NA,高中,61,55,59,46,43,53,1,3,3,3
國中,女,小學或不識字,小學或不識字,64,70,62,52,60,51,17,14,4,6
國中,女,高中,高中,77,56,42,49,51,65,8,8,3,8
國中,男,國中,國中,54,46,48,NA,43,33,10,12,5,5
國中,男,高中,高中,64,56,60,46,51,44,16,9,4,8
國中,男,國中,國中,55,55,47,37,44,36,8,6,4,2
國中,女,高中,高中,58,80,45,46,59,65,15,18,4,9
國中,男,國中,國中,43,50,45,33,57,42,15,8,6,11
國中,男,高中,高中,60,47,43,53,47,49,2,4,0,4
國中,男,高中,國中,65,49,53,53,51,40,3,3,1,6
國中,男,國中,高中,56,53,57,49,56,50,7,3,1,3
國中,男,NA,NA,52,52,43,38,42,57,9,6,5,6
國中,女,國中,高中,49,58,49,40,37,42,17,7,5,9
國中,男,大學或專科,大學或專科,55,53,63,61,63,54,7,3,3,3
國中,男,高中,高中,55,NA,57,37,44,NA,19,12,7,6
國中,男,國中,國中,70,36,48,50,64,51,6,5,4,2
國中,女,國中,國中,70,68,53,46,50,62,2,9,0,6
國中,男,研究所以上,研究所以上,47,63,53,51,49,56,17,13,8,4
國中,男,大學或專科,大學或專科,55,48,47,47,39,39,15,10,7,4
國中,男,高中,國中,47,49,47,52,40,49,15,11,NA,6
國中,男,研究所以上,研究所以上,64,61,41,37,51,43,4,11,2,8
國中,女,國中,高中,53,49,45,41,49,43,4,4,0,1
國中,女,研究所以上,高中,58,68,63,51,66,51,14,13,7,7
國中,男,大學或專科,高中,58,59,54,54,55,53,10,9,6,7
國中,男,國中,高中,63,51,63,60,51,32,3,3,0,2
國中,女,大學或專科,大學或專科,61,60,61,57,61,49,8,6,3,6
國中,男,國中,小學或不識字,64,59,53,40,54,49,17,NA,5,4
國中,男,大學或專科,大學或專科,59,32,49,47,64,67,9,9,4,11
國中,女,高中,高中,NA,59,36,54,46,40,6,15,2,8
國中,男,國中,高中,48,52,50,46,46,51,3,3,0,3
國中,女,國中,高中,57,62,53,69,52,65,10,14,5,7
國中,男,大學或專科,NA,63,54,48,55,59,54,NA,6,0,4
國中,女,大學或專科,小學或不識字,63,59,63,41,54,61,14,17,6,6
國中,女,大學或專科,大學或專科,57,66,57,54,64,49,4,3,2,2
國中,男,高中,國中,64,54,64,50,42,56,NA,11,5,4
國中,女,高中,高中,68,65,56,56,53,57,4,4,2,5
國中,女,高中,NA,60,35,44,45,41,42,6,5,1,3
國中,女,高中,高中,50,48,51,48,51,56,18,15,8,9
國中,男,高中,高中,59,56,47,28,36,61,16,7,11,6
國中,男,大學或專科,大學或專科,57,66,39,45,35,64,21,20,7,8
國中,男,大學或專科,大學或專科,44,65,46,38,47,53,15,16,7,7
國中,男,大學或專科,大學或專科,52,59,54,43,41,56,17,10,2,1
國中,男,國中,高中,36,48,66,56,40,42,6,0,3,1
國中,女,大學或專科,大學或專科,65,48,50,50,37,50,14,10,7,2
國中,女,研究所以上,研究所以上,59,51,78,59,59,68,8,2,4,1
國中,女,大學或專科,大學或專科,32,70,42,29,37,48,21,15,6,8
國中,女,高中,NA,58,63,38,57,50,58,9,14,3,9
國中,男,國中,國中,30,66,51,22,46,70,20,17,4,6
國中,男,高中,高中,70,44,46,49,58,56,4,4,2,4
國中,男,NA,小學或不識字,58,44,57,49,48,50,2,0,1,0
國中,男,高中,國中,55,55,54,52,37,58,21,16,9,6
國中,男,高中,高中,51,38,74,55,43,47,9,3,4,1
國中,男,高中,高中,55,59,57,44,46,61,29,10,8,7
國中,女,大學或專科,大學或專科,64,66,59,47,52,51,10,5,0,2
國中,男,高中,高中,58,47,51,56,54,45,4,1,3,2
國中,女,高中,大學或專科,58,60,69,68,51,60,4,7,5,2
國中,男,大學或專科,大學或專科,44,46,53,46,49,57,NA,5,4,3
國中,女,大學或專科,大學或專科,67,63,61,60,50,51,5,8,2,3
國中,女,國中,國中,70,67,57,54,56,40,11,15,0,5
國中,男,大學或專科,大學或專科,67,51,56,69,52,61,7,1,4,7
國中,女,研究所以上,研究所以上,62,58,47,39,51,59,8,15,1,3
國中,男,高中,國中,60,55,49,47,49,40,5,6,5,5
國中,男,NA,NA,49,62,56,49,58,56,9,NA,5,7
國中,男,高中,高中,45,53,69,43,43,50,14,9,5,6
國中,男,國中,小學或不識字,47,52,53,55,35,43,12,14,6,5
國中,女,NA,高中,71,44,38,45,50,66,10,7,4,8
國中,女,高中,高中,62,40,64,64,56,73,5,3,2,3
國中,NA,NA,NA,55,42,58,47,49,36,16,3,8,4
國中,男,高中,國中,45,54,52,50,44,35,15,2,13,2
國中,男,高中,高中,66,35,39,48,48,40,NA,2,4,4
國中,女,高中,高中,50,61,48,39,41,38,NA,14,4,10
國中,男,國中,國中,61,NA,49,37,48,48,3,4,1,2
國中,男,高中,高中,62,54,37,51,42,52,10,6,3,3
國中,男,高中,高中,58,57,52,36,51,47,4,2,2,0
國中,女,國中,高中,66,63,53,62,61,58,1,1,0,2
國中,女,高中,國中,57,51,68,57,44,55,6,3,3,3
國中,女,高中,高中,51,55,46,47,55,58,11,15,6,9
國中,男,大學或專科,大學或專科,54,59,51,42,50,51,14,8,5,4
國中,女,高中,高中,55,72,63,48,52,58,12,9,5,3
國中,男,高中,高中,63,53,33,41,41,38,8,5,2,6
國中,女,國中,NA,54,66,51,41,44,48,9,7,5,5
國中,男,大學或專科,大學或專科,48,55,56,45,48,49,7,9,1,5
國中,女,國中,小學或不識字,61,72,56,49,57,63,10,5,3,5
國中,男,國中,國中,53,56,49,49,55,54,7,6,1,3
國中,女,大學或專科,大學或專科,61,51,48,46,44,58,5,4,3,5
國中,女,國中,國中,76,57,58,48,52,67,11,5,3,4
國中,男,高中,高中,47,46,68,49,39,46,13,1,6,0
國中,男,高中,高中,46,55,47,45,43,38,9,13,5,11
國中,男,大學或專科,大學或專科,66,52,57,45,46,49,7,3,1,1
國中,女,大學或專科,大學或專科,67,65,43,45,56,58,11,9,4,NA
國中,男,大學或專科,高中,75,42,64,49,45,45,9,0,3,2
國中,女,大學或專科,大學或專科,59,58,60,51,56,62,4,5,1,1
國中,男,高中,國中,54,53,51,46,49,54,9,4,3,2
國中,男,高中,高中,73,66,61,31,28,40,17,17,15,3
國中,男,高中,高中,50,55,57,59,52,53,10,8,4,6
國中,女,國中,國中,63,56,43,59,44,36,3,0,1,2
國中,男,高中,高中,52,55,48,43,48,49,NA,NA,2,2
國中,男,國中,高中,53,48,51,51,50,47,15,12,6,6
國中,女,高中,高中,46,53,65,47,49,53,9,4,6,1
國中,女,高中,高中,59,53,44,49,45,47,2,2,3,6
國中,男,小學或不識字,NA,56,45,60,48,52,49,7,0,5,2
國中,男,高中,高中,62,54,63,55,62,52,4,4,1,1
國中,女,高中,高中,59,54,53,53,48,44,7,8,8,6
國中,女,國中,國中,48,57,49,42,40,53,24,12,9,4
國中,女,高中,高中,63,56,45,55,49,53,14,11,9,8
國中,男,高中,大學或專科,57,48,50,44,39,32,8,8,5,3
國中,男,高中,國中,56,44,51,54,47,40,5,4,3,2
國中,女,大學或專科,大學或專科,72,68,54,52,57,52,10,9,0,4
國中,女,大學或專科,大學或專科,61,65,63,39,55,60,9,8,0,1
國中,女,國中,高中,47,53,60,50,66,59,3,9,0,6
國中,女,高中,國中,62,61,58,56,53,54,5,9,1,4
國中,女,國中,國中,52,57,47,48,46,47,8,10,1,6
國中,女,高中,高中,57,53,35,58,53,46,4,9,4,8
國中,女,高中,高中,65,54,56,52,50,53,2,3,0,2
國中,女,國中,高中,68,75,76,70,72,64,2,6,4,0
國中,男,國中,國中,59,44,49,48,50,45,7,8,3,5
國中,男,高中,高中,61,57,60,67,65,54,7,3,0,5
國中,男,研究所以上,大學或專科,75,44,68,68,61,55,1,0,2,1
國中,女,大學或專科,大學或專科,52,61,51,53,58,45,8,7,2,5
國中,男,高中,高中,71,53,60,48,53,64,13,9,2,6
國中,女,國中,國中,59,58,59,50,50,50,3,0,1,3
國中,女,高中,國中,66,49,49,54,50,55,8,9,1,6
國中,女,國中,高中,51,52,45,54,50,49,1,6,1,3
國中,男,小學或不識字,國中,57,43,47,45,47,43,10,5,3,4
國中,女,高中,高中,63,54,40,40,54,54,7,8,2,3
國中,女,NA,NA,57,68,52,36,47,53,11,13,5,5
國中,男,大學或專科,大學或專科,56,48,53,50,58,49,3,NA,3,4
國中,女,NA,NA,60,48,48,49,50,55,7,10,5,6
國中,女,高中,高中,54,57,53,50,52,46,4,3,4,3
國中,男,高中,高中,51,53,49,56,41,58,2,3,3,3
國中,女,國中,高中,56,61,54,49,37,51,11,7,6,5
國中,男,高中,高中,65,54,54,53,56,53,4,0,0,1
國中,男,高中,高中,53,52,52,54,47,56,4,2,0,3
國中,女,國中,國中,66,62,54,44,51,52,13,3,2,6
國中,女,國中,高中,56,35,39,39,40,46,9,2,4,6
國中,女,高中,高中,69,58,52,45,48,45,11,3,1,6
國中,NA,大學或專科,大學或專科,59,34,47,62,61,68,5,3,1,3
國中,女,NA,NA,55,67,50,38,39,42,15,8,3,6
國中,女,大學或專科,大學或專科,61,56,39,60,63,54,0,0,0,3
國中,男,小學或不識字,小學或不識字,54,53,50,44,41,53,NA,13,12,6
國中,男,高中,NA,61,51,49,49,46,52,10,8,5,5
國中,男,大學或專科,大學或專科,61,52,60,41,46,55,13,9,6,6
國中,女,國中,高中,72,65,44,55,58,46,11,15,1,10
國中,女,高中,高中,59,62,46,48,48,50,6,2,0,1
國中,男,高中,高中,61,57,44,47,57,58,9,7,3,7
國中,女,國中,高中,66,60,54,53,54,57,3,0,0,2
國中,女,大學或專科,高中,64,57,43,51,42,51,7,13,6,11
國中,男,國中,國中,63,65,39,28,43,41,17,16,9,7
國中,女,國中,小學或不識字,57,57,48,45,41,50,21,14,8,8
國中,女,高中,高中,64,56,53,51,61,50,8,6,2,5
國中,男,高中,高中,60,60,56,38,37,43,11,7,9,4
國中,男,高中,NA,68,53,42,51,41,42,8,2,2,4
國中,女,小學或不識字,高中,62,56,62,55,47,58,7,7,6,4
國中,女,小學或不識字,高中,79,76,45,53,58,49,8,10,2,3
國中,女,國中,國中,65,59,59,54,56,55,4,4,0,4
國中,女,高中,高中,54,51,54,47,40,47,8,6,2,5
國中,男,高中,高中,64,70,51,38,30,53,14,13,1,7
國中,女,高中,大學或專科,65,61,25,39,57,56,12,19,3,12
國中,男,高中,高中,52,56,50,39,44,39,8,4,4,4
國中,女,國中,高中,59,54,68,46,44,38,8,3,0,1
國中,男,大學或專科,國中,60,51,45,40,51,51,17,17,6,6
國中,女,大學或專科,高中,61,57,59,61,56,64,6,4,3,6
國中,女,國中,高中,52,48,54,43,53,46,10,7,3,6
國中,男,國中,小學或不識字,68,51,46,60,44,36,10,8,3,3
國中,男,國中,小學或不識字,48,52,57,44,48,45,19,13,7,6
國中,女,高中,高中,61,55,43,45,48,56,4,8,2,10
國中,男,大學或專科,高中,61,50,53,52,52,52,3,1,2,1
國中,男,高中,高中,51,58,59,48,40,42,16,11,8,9
國中,男,高中,高中,52,39,64,51,48,59,15,13,8,5
國中,女,高中,高中,64,52,47,50,53,47,2,2,0,3
國中,男,大學或專科,大學或專科,55,67,71,50,60,54,9,8,4,1
國中,女,國中,國中,63,53,36,53,41,29,0,5,1,8
國中,男,高中,高中,47,57,48,32,40,40,12,8,7,5
國中,女,國中,高中,53,54,46,53,56,51,8,3,5,2
國中,女,高中,高中,72,66,38,58,56,47,4,14,2,7
國中,男,高中,國中,51,39,50,50,53,49,NA,7,2,1
國中,男,高中,高中,48,55,58,55,37,47,7,8,2,10
國中,女,大學或專科,大學或專科,58,46,48,44,49,51,2,0,0,0
國中,女,高中,大學或專科,58,60,59,41,53,47,7,8,3,3
國中,男,高中,高中,48,47,47,57,58,46,3,3,1,10
國中,女,國中,國中,66,57,61,66,65,58,3,8,1,4
國中,男,國中,國中,54,51,57,43,51,52,14,3,9,6
國中,女,國中,小學或不識字,49,55,66,43,34,37,7,5,3,3
國中,男,高中,高中,49,47,59,51,52,33,3,3,1,3
國中,女,高中,高中,69,67,55,48,54,61,6,5,3,2
國中,女,大學或專科,大學或專科,59,59,55,54,48,38,12,3,2,3
國中,男,大學或專科,大學或專科,48,51,55,51,56,44,1,0,2,6
國中,男,高中,高中,50,51,52,51,53,46,11,10,7,7
國中,女,小學或不識字,高中,59,51,63,56,68,53,7,2,1,1
國中,男,高中,國中,71,68,52,40,40,41,3,5,2,8
國中,男,高中,國中,52,46,40,42,48,43,6,2,1,4
國中,男,高中,高中,53,36,42,39,49,40,7,2,6,7
國中,男,國中,小學或不識字,46,36,51,53,60,46,NA,8,4,3
國中,男,國中,國中,57,48,55,54,45,37,18,11,NA,10
國中,男,國中,高中,61,55,47,66,64,62,1,6,1,6
國中,男,高中,國中,NA,51,49,NA,55,54,3,5,3,2
國中,女,大學或專科,大學或專科,64,67,50,36,46,45,16,10,7,9
國中,女,研究所以上,大學或專科,64,72,53,50,55,60,6,10,4,4
國中,女,國中,高中,77,68,57,69,71,64,1,0,0,9
國中,女,國中,國中,73,63,46,61,45,51,2,5,4,2
國中,女,國中,高中,66,57,55,46,50,55,6,3,0,3
國中,男,大學或專科,高中,62,48,45,32,38,39,11,5,4,2
國中,男,高中,高中,44,68,62,33,35,42,20,10,8,5
國中,女,大學或專科,大學或專科,55,53,62,59,62,62,7,6,0,6
國中,男,高中,大學或專科,60,62,59,43,52,60,9,7,3,3
國中,男,高中,高中,70,49,47,46,56,40,1,5,0,3
國中,女,高中,高中,62,58,53,57,64,58,3,2,1,2
國中,女,高中,高中,62,55,45,59,59,54,3,8,0,8
國中,男,大學或專科,大學或專科,60,40,42,43,47,47,11,7,7,6
國中,男,大學或專科,大學或專科,57,43,57,68,49,62,11,7,3,5
國中,女,小學或不識字,國中,57,54,48,47,48,46,11,10,6,5
國中,女,高中,高中,45,45,56,47,56,52,0,0,0,4
國中,男,大學或專科,大學或專科,55,48,59,53,60,59,0,0,1,1
國中,女,國中,小學或不識字,68,49,55,61,54,62,4,4,0,3
國中,女,高中,高中,50,71,57,49,42,53,14,18,5,5
國中,男,高中,大學或專科,56,57,52,50,56,51,6,3,4,5
國中,女,國中,國中,51,42,49,45,54,49,17,6,8,NA
國中,女,大學或專科,大學或專科,66,51,50,60,60,59,4,3,0,2
國中,女,高中,高中,49,63,51,63,66,71,7,11,4,9
國中,女,國中,國中,49,55,55,42,53,42,21,12,14,7
國中,男,高中,國中,59,53,43,54,50,53,6,10,4,6
國中,女,高中,高中,60,51,66,48,55,54,9,4,0,2
國中,女,大學或專科,高中,67,56,60,74,71,66,0,4,0,5
國中,男,研究所以上,大學或專科,56,41,59,57,63,49,1,0,1,2
國中,男,研究所以上,高中,58,54,53,38,49,54,7,NA,0,3
國中,女,研究所以上,大學或專科,62,49,57,42,52,47,15,4,2,4
國中,女,大學或專科,高中,59,52,53,51,42,50,7,2,1,0
國中,女,高中,高中,58,68,55,42,48,50,7,9,4,5
國中,女,高中,高中,66,46,42,51,55,63,7,10,1,4
國中,男,大學或專科,大學或專科,51,53,58,53,55,46,2,1,1,2
國中,男,研究所以上,大學或專科,51,58,55,47,51,45,7,3,3,3
國中,女,研究所以上,大學或專科,57,58,59,58,58,60,2,1,0,1
國中,男,大學或專科,大學或專科,49,57,75,72,62,73,4,1,0,2
國中,男,國中,國中,62,56,55,49,54,53,6,7,2,7
國中,女,高中,高中,66,54,60,47,53,54,7,6,2,3
國中,女,高中,大學或專科,68,63,56,51,56,53,7,4,0,6
國中,女,高中,高中,71,65,59,59,63,59,NA,6,0,6
國中,女,高中,高中,56,52,53,50,58,53,5,3,1,3
國中,男,研究所以上,大學或專科,58,48,44,50,66,46,5,6,3,7
國中,女,大學或專科,高中,68,60,71,73,69,75,3,0,0,0
國中,男,國中,國中,62,57,63,36,44,52,8,8,9,1
國中,女,大學或專科,大學或專科,63,57,53,61,45,43,3,1,0,1
國中,女,大學或專科,高中,46,43,41,52,50,43,12,5,4,NA
國中,女,高中,NA,62,60,52,60,69,61,0,5,1,5
國中,男,國中,國中,62,55,49,44,42,44,8,8,1,4
國中,女,研究所以上,研究所以上,58,54,51,53,47,46,6,5,2,5
國中,女,高中,高中,62,54,49,58,57,57,5,3,2,4
國中,男,研究所以上,大學或專科,55,63,63,37,50,49,16,12,2,5
國中,男,大學或專科,大學或專科,47,61,54,37,48,43,14,5,5,6
國中,男,大學或專科,大學或專科,71,63,63,62,56,53,17,NA,8,7
國中,男,大學或專科,大學或專科,43,37,57,63,49,57,16,3,5,7
國中,男,高中,高中,52,65,64,44,59,59,14,10,8,5
國中,男,研究所以上,大學或專科,55,43,63,72,30,42,14,5,8,2
國中,女,大學或專科,大學或專科,40,44,63,50,49,52,12,3,7,0
國中,男,大學或專科,大學或專科,70,51,43,54,40,42,9,5,2,7
國中,男,大學或專科,大學或專科,43,69,57,24,44,62,19,11,7,5
國中,男,高中,高中,67,47,46,50,48,48,3,3,6,3
國中,男,大學或專科,高中,61,65,59,NA,56,56,6,7,3,5
國中,女,大學或專科,研究所以上,67,66,63,60,63,69,7,6,1,3
國中,男,高中,高中,60,54,62,56,41,53,6,4,4,1
國中,女,研究所以上,大學或專科,49,58,58,39,41,46,10,5,5,4
國中,女,大學或專科,大學或專科,48,52,44,36,49,48,7,7,2,7
國中,女,大學或專科,大學或專科,54,65,56,51,47,49,5,8,5,4
國中,男,NA,NA,54,63,48,40,40,53,12,11,5,3
國中,女,大學或專科,大學或專科,69,59,54,46,58,59,6,6,1,7
國中,男,大學或專科,國中,41,32,43,34,42,35,21,NA,11,4
國中,男,研究所以上,高中,51,61,46,51,51,52,5,3,3,4
國中,女,大學或專科,大學或專科,58,70,52,46,50,48,NA,14,6,5
國中,女,高中,高中,75,32,69,62,56,69,2,3,3,1
國中,男,研究所以上,大學或專科,52,52,69,40,41,45,14,9,8,5
國中,男,國中,國中,63,31,49,49,43,30,11,4,10,3
國中,女,大學或專科,高中,67,54,59,48,60,62,5,4,2,4
國中,女,大學或專科,大學或專科,54,56,48,53,43,38,25,14,17,11
國中,女,研究所以上,研究所以上,65,57,68,67,66,59,0,3,1,2
國中,女,大學或專科,大學或專科,56,59,63,38,46,38,10,4,7,5
國中,女,大學或專科,大學或專科,69,64,33,43,43,45,12,13,3,9
國中,女,大學或專科,高中,64,62,50,54,59,58,2,2,0,5
國中,男,大學或專科,大學或專科,65,54,37,38,49,54,16,22,2,12
國中,女,高中,高中,71,66,55,54,33,56,12,8,4,1
國中,男,高中,高中,54,55,42,50,41,44,11,8,6,5
國中,女,大學或專科,大學或專科,70,64,62,61,63,68,7,4,1,7
國中,男,高中,高中,62,51,66,60,62,71,4,6,1,4
國中,女,國中,高中,59,39,73,62,64,59,7,0,4,4
國中,男,高中,高中,52,30,48,40,38,43,17,3,2,4
國中,男,高中,高中,67,48,38,31,21,30,11,4,7,4
國中,男,高中,高中,42,50,56,42,51,49,10,3,5,5
國中,女,高中,高中,55,52,64,46,47,50,2,2,0,2
國中,女,高中,高中,54,46,NA,51,51,51,2,0,0,2
國中,女,國中,高中,49,48,47,47,48,50,12,4,4,1
國中,男,國中,高中,51,50,52,54,56,53,4,0,0,1
國中,男,高中,國中,54,50,NA,47,40,37,14,NA,9,NA
國中,女,高中,高中,59,60,56,47,54,62,7,3,3,2
國中,男,高中,高中,55,64,57,48,NA,56,10,11,2,7
國中,女,高中,高中,51,57,42,50,52,52,0,0,2,0
國中,女,高中,大學或專科,66,56,62,45,41,54,6,4,3,5
國中,男,高中,國中,44,52,55,49,64,54,6,6,5,3
國中,男,高中,高中,68,64,48,53,46,60,7,9,3,5
國中,男,高中,高中,NA,49,46,50,50,50,4,0,0,3
國中,男,小學或不識字,國中,51,53,41,44,46,45,1,6,0,3
國中,男,高中,高中,57,59,54,54,57,54,11,9,6,8
國中,男,國中,高中,62,52,50,42,51,58,NA,10,3,3
國中,男,NA,NA,52,47,45,52,54,49,1,3,0,4
國中,女,高中,高中,68,49,45,56,59,49,5,4,1,8
國中,男,國中,高中,57,61,46,45,41,41,7,13,4,4
國中,男,國中,高中,50,50,51,45,56,49,8,5,3,7
國中,女,國中,高中,62,57,49,47,50,44,5,4,0,3
國中,女,大學或專科,高中,67,50,60,60,57,62,6,3,2,9
國中,女,高中,高中,57,52,47,46,39,45,9,3,NA,2
國中,女,大學或專科,研究所以上,68,62,56,53,71,66,4,3,0,3
國中,女,大學或專科,高中,70,65,50,54,60,44,3,11,0,7
國中,男,國中,高中,62,58,56,42,51,45,7,2,4,4
國中,女,大學或專科,高中,51,61,55,42,47,55,9,7,2,3
國中,女,NA,NA,56,61,44,36,48,44,9,6,3,4
國中,女,國中,國中,63,58,56,52,50,52,3,0,1,1
國中,男,NA,NA,59,43,63,56,59,62,2,2,1,3
國中,男,大學或專科,大學或專科,68,74,28,44,50,44,8,12,7,6
國中,男,高中,高中,56,48,49,45,49,48,8,3,3,8
國中,男,高中,高中,52,40,32,20,60,60,23,14,6,10
國中,女,高中,NA,61,63,59,51,62,65,12,5,6,5
國中,男,高中,高中,60,50,46,47,46,50,22,12,0,3
國中,女,高中,高中,57,57,54,36,52,46,3,2,1,1
國中,女,國中,小學或不識字,58,55,56,53,55,61,2,2,2,5
國中,女,大學或專科,高中,57,51,58,48,57,54,5,2,2,5
國中,女,國中,國中,46,69,49,42,51,47,17,10,4,7
國中,女,高中,高中,50,63,65,47,50,51,8,2,3,2
國中,女,高中,大學或專科,53,50,51,49,48,45,12,8,5,5
國中,女,高中,高中,72,62,64,62,72,61,1,1,0,2
國中,女,國中,小學或不識字,54,56,63,39,43,45,18,9,6,5
國中,男,高中,高中,59,58,58,52,60,55,NA,5,2,4
國中,男,國中,高中,58,59,53,41,47,50,18,9,4,5
國中,男,NA,NA,61,59,53,47,59,38,24,17,11,10
國中,女,大學或專科,高中,65,61,53,36,55,51,11,13,3,6
國中,女,高中,高中,52,50,50,50,53,43,8,5,3,6
國中,女,高中,高中,59,54,57,55,59,54,7,1,NA,3
國中,男,大學或專科,大學或專科,61,51,47,51,61,52,10,5,3,8
國中,男,國中,國中,38,70,44,34,43,54,19,13,8,9
國中,男,高中,國中,57,46,52,46,49,67,10,4,2,7
國中,男,大學或專科,大學或專科,65,51,51,62,63,61,1,0,0,3
國中,男,小學或不識字,高中,67,53,54,57,57,60,1,1,2,1
國中,女,大學或專科,大學或專科,69,48,56,69,61,51,1,0,0,4
國中,女,國中,大學或專科,60,54,46,48,47,66,6,6,3,NA
國中,女,國中,高中,69,53,44,62,59,67,1,2,0,2
國中,男,國中,高中,63,68,51,48,65,63,13,14,3,6
國中,男,國中,國中,49,43,54,55,37,53,NA,NA,13,7
國中,男,大學或專科,大學或專科,58,61,56,44,53,40,6,4,2,3
國中,男,高中,高中,57,54,54,40,50,56,7,2,2,4
國中,女,國中,高中,65,64,54,56,59,60,0,3,1,5
國中,女,小學或不識字,高中,67,49,43,57,55,51,3,8,0,5
國中,女,高中,國中,66,48,51,67,54,51,1,5,0,6
國中,男,國中,國中,47,52,48,45,50,53,3,2,1,2
國中,男,高中,國中,54,52,52,NA,56,45,5,1,2,2
國中,男,國中,國中,46,49,49,47,50,45,6,2,6,4
國中,男,國中,高中,54,66,32,28,46,59,22,17,4,12
國中,男,高中,高中,52,46,50,48,52,45,0,0,1,0
國中,男,高中,高中,59,50,57,54,57,57,1,2,1,3
國中,男,大學或專科,大學或專科,61,56,56,55,56,53,7,6,3,5
國中,女,國中,大學或專科,55,59,57,48,53,48,10,8,3,5
國中,男,高中,高中,46,49,50,41,46,37,8,1,4,2
國中,男,國中,高中,51,46,59,46,59,55,4,2,1,2
國中,女,高中,高中,60,59,48,47,53,54,7,12,2,7
國中,女,高中,高中,57,60,58,54,58,63,7,6,1,6
國中,女,國中,國中,49,48,53,52,45,49,6,3,NA,2
國中,男,小學或不識字,高中,68,34,38,66,47,38,2,4,3,10
國中,男,大學或專科,大學或專科,47,41,41,44,52,57,14,18,4,9
國中,女,高中,高中,64,71,54,50,45,37,9,14,1,6
國中,女,高中,高中,58,60,47,43,51,55,11,12,3,6
國中,女,國中,高中,60,58,55,51,51,62,6,9,5,5
國中,女,大學或專科,大學或專科,60,57,55,48,51,52,5,5,NA,3
國中,女,國中,高中,57,57,67,52,33,64,8,6,4,5
國中,女,大學或專科,大學或專科,67,50,54,52,48,46,3,0,0,0
國中,男,高中,小學或不識字,54,42,48,58,62,63,12,13,5,11
國中,女,高中,國中,56,67,48,44,57,47,9,NA,2,3
國中,女,高中,高中,57,60,66,49,55,52,8,2,2,1
國中,男,高中,國中,55,64,33,62,62,54,1,9,0,13
國中,女,國中,高中,62,65,65,59,45,47,4,3,4,2
國中,男,高中,高中,60,49,54,53,58,50,5,5,0,4
國中,男,高中,大學或專科,55,54,58,41,39,41,2,0,0,0
國中,男,國中,國中,66,54,57,54,64,64,12,4,1,5
國中,男,大學或專科,大學或專科,58,49,63,59,48,67,6,3,0,0
國中,男,國中,國中,58,52,59,59,63,66,1,5,NA,1
國中,女,國中,高中,55,61,62,61,48,56,14,13,6,2
國中,男,NA,NA,47,43,64,50,61,51,2,0,0,0
國中,男,高中,高中,40,60,51,45,49,52,13,8,4,4
國中,女,大學或專科,高中,55,58,54,49,49,53,8,8,3,2
國中,男,國中,國中,55,56,56,43,49,49,0,0,0,0
國中,女,大學或專科,研究所以上,64,63,62,53,50,42,10,9,1,4
國中,女,高中,高中,63,64,57,50,58,63,5,NA,2,2
國中,女,高中,高中,61,58,56,44,51,47,6,4,3,4
國中,女,高中,高中,63,49,56,47,53,56,9,12,0,6
國中,女,NA,NA,73,53,60,53,53,58,14,8,7,4
國中,男,大學或專科,高中,68,51,45,44,46,47,11,6,7,6
國中,女,大學或專科,高中,63,70,44,47,46,53,NA,15,7,8
國中,男,大學或專科,大學或專科,68,62,49,50,48,48,9,9,3,8
國中,男,研究所以上,大學或專科,62,44,49,50,60,65,0,0,0,2
國中,女,大學或專科,高中,62,63,38,45,49,51,12,9,3,6
國中,男,高中,高中,65,49,40,61,37,59,7,1,3,4
國中,女,高中,大學或專科,58,56,49,42,48,52,12,10,0,6
國中,男,研究所以上,研究所以上,65,48,54,27,69,65,17,16,10,6
國中,男,高中,高中,54,55,50,61,56,73,10,6,2,5
國中,女,高中,高中,52,64,53,43,58,64,10,16,6,8
國中,女,國中,高中,69,53,60,51,66,67,0,0,2,6
國中,女,大學或專科,高中,59,71,47,43,52,43,13,12,1,6
國中,男,高中,高中,43,47,50,41,34,35,22,15,10,11
國中,女,大學或專科,大學或專科,66,59,54,53,53,57,5,6,1,2
國中,男,高中,國中,68,73,42,33,42,56,11,18,4,8
國中,男,大學或專科,大學或專科,62,53,61,42,45,50,10,5,3,2
國中,男,高中,高中,48,56,48,41,49,51,14,8,3,6
國中,男,大學或專科,大學或專科,74,41,56,70,66,68,15,16,6,6
國中,女,大學或專科,大學或專科,65,54,65,61,71,76,11,8,2,6
國中,女,大學或專科,高中,72,76,56,74,66,46,4,10,2,7
國中,女,大學或專科,國中,57,51,50,47,48,51,3,NA,3,3
國中,女,NA,NA,51,51,48,47,46,47,15,11,7,6
國中,男,大學或專科,高中,50,51,48,48,48,44,NA,10,8,4
國中,男,大學或專科,大學或專科,53,57,50,44,43,42,12,10,12,9
國中,男,高中,高中,62,52,53,50,46,40,5,2,5,3
國中,男,研究所以上,研究所以上,45,58,51,36,45,36,NA,6,1,1
國中,女,大學或專科,高中,61,60,49,58,57,58,3,7,1,5
國中,男,國中,國中,60,45,49,40,44,37,20,10,5,7
國中,女,NA,NA,45,48,49,51,53,50,15,13,NA,9
國中,女,大學或專科,大學或專科,65,68,49,52,60,54,4,7,0,5
國中,女,大學或專科,大學或專科,54,53,51,40,56,49,16,17,4,11
國中,女,高中,大學或專科,48,62,71,40,49,46,18,8,9,3
國中,女,研究所以上,大學或專科,56,69,47,52,56,53,11,NA,4,6
國中,女,大學或專科,大學或專科,67,70,54,41,59,51,8,7,4,5
國中,女,大學或專科,高中,55,52,57,50,48,52,NA,NA,3,5
國中,男,國中,高中,41,56,69,55,51,55,9,5,4,4
國中,女,高中,高中,58,42,78,59,51,53,9,3,3,1
國中,女,大學或專科,高中,42,58,41,44,44,62,13,16,6,10
國中,男,高中,大學或專科,47,54,64,38,47,45,20,15,9,NA
國中,男,高中,研究所以上,49,61,45,40,56,59,10,11,1,9
國中,男,國中,高中,51,47,54,53,49,49,10,2,2,0
國中,男,大學或專科,大學或專科,54,51,68,32,50,47,11,5,0,4
國中,男,高中,高中,58,59,49,37,43,43,16,8,6,9
國中,男,NA,NA,56,46,51,51,49,53,3,0,2,2
國中,男,高中,高中,48,39,53,77,73,62,3,2,3,4
國中,男,高中,高中,58,45,51,49,52,45,0,NA,0,2
國中,女,高中,高中,63,62,46,47,48,61,7,9,4,8
國中,男,高中,高中,73,52,56,46,65,61,5,2,1,2
國中,男,高中,高中,61,58,46,50,46,40,14,14,2,4
國中,女,高中,高中,59,56,43,36,38,54,11,10,2,4
國中,女,大學或專科,大學或專科,62,58,47,50,44,46,5,8,3,4
國中,女,國中,國中,63,60,50,46,40,56,9,5,2,3
國中,女,研究所以上,大學或專科,58,60,41,46,57,52,8,7,2,6
國中,男,高中,高中,NA,58,49,56,62,61,NA,9,7,3
國中,女,高中,高中,55,64,52,46,53,54,NA,5,1,4
國中,女,國中,高中,58,60,41,47,50,49,8,7,5,4
國中,女,大學或專科,高中,59,62,52,47,55,54,NA,5,1,5
國中,女,NA,高中,56,57,61,38,47,55,10,9,5,6
國中,男,大學或專科,大學或專科,63,62,56,50,54,56,5,7,0,2
國中,男,大學或專科,大學或專科,60,55,47,45,51,58,6,8,1,4
國中,男,高中,高中,63,60,60,47,48,59,12,5,2,5
國中,男,高中,高中,50,48,49,NA,36,NA,7,NA,3,7
國中,女,高中,國中,66,65,47,54,41,58,6,13,3,6
國中,男,高中,高中,49,53,49,47,45,46,4,7,4,4
國中,男,NA,NA,49,47,52,47,54,49,5,2,0,5
國中,男,高中,高中,52,55,61,57,33,50,18,12,6,7
國中,女,高中,小學或不識字,65,57,50,44,47,54,10,10,1,7
國中,女,高中,NA,52,43,59,50,44,40,10,10,6,5
國中,女,大學或專科,大學或專科,68,44,64,59,64,63,0,1,1,NA
國中,女,高中,國中,58,47,56,53,67,65,3,6,1,3
國中,男,研究所以上,大學或專科,42,50,64,55,53,44,6,0,0,0
國中,女,高中,高中,61,58,41,52,39,47,19,11,6,7
